file,n_points,n_segments,min_label,max_label,labels,has_nan
valve_0001_lidar_classes.ply,7218,10,0,9,"0,1,2,3,4,5,6,7,8,9",False
valve_0002_lidar_classes.ply,7106,10,0,9,"0,1,2,3,4,5,6,7,8,9",False
valve_0003_lidar_classes.ply,7368,10,0,9,"0,1,2,3,4,5,6,7,8,9",False
valve_0004_lidar_classes.ply,7220,10,0,9,"0,1,2,3,4,5,6,7,8,9",False
valve_0005_lidar_classes.ply,8268,10,0,9,"0,1,2,3,4,5,6,7,8,9",False
valve_0006_lidar_classes.ply,7617,10,0,9,"0,1,2,3,4,5,6,7,8,9",False
valve_0007_lidar_classes.ply,6751,10,0,9,"0,1,2,3,4,5,6,7,8,9",False
valve_0008_lidar_classes.ply,8688,10,0,9,"0,1,2,3,4,5,6,7,8,9",False
valve_0009_lidar_classes.ply,8740,10,0,9,"0,1,2,3,4,5,6,7,8,9",False
valve_0010_lidar_classes.ply,8600,10,0,9,"0,1,2,3,4,5,6,7,8,9",False
valve_0011_lidar_classes.ply,7082,10,0,9,"0,1,2,3,4,5,6,7,8,9",False
valve_0012_lidar_classes.ply,7400,10,0,9,"0,1,2,3,4,5,6,7,8,9",False
valve_0013_lidar_classes.ply,8172,10,0,9,"0,1,2,3,4,5,6,7,8,9",False
valve_0014_lidar_classes.ply,7525,10,0,9,"0,1,2,3,4,5,6,7,8,9",False
valve_0015_lidar_classes.ply,7659,10,0,9,"0,1,2,3,4,5,6,7,8,9",False
valve_0016_lidar_classes.ply,8869,10,0,9,"0,1,2,3,4,5,6,7,8,9",False
valve_0017_lidar_classes.ply,7123,10,0,9,"0,1,2,3,4,5,6,7,8,9",False
valve_0018_lidar_classes.ply,7347,10,0,9,"0,1,2,3,4,5,6,7,8,9",False
valve_0019_lidar_classes.ply,7516,10,0,9,"0,1,2,3,4,5,6,7,8,9",False
valve_0020_lidar_classes.ply,8021,10,0,9,"0,1,2,3,4,5,6,7,8,9",False
valve_0021_lidar_classes.ply,7875,10,0,9,"0,1,2,3,4,5,6,7,8,9",False
valve_0022_lidar_classes.ply,7905,10,0,9,"0,1,2,3,4,5,6,7,8,9",False
valve_0023_lidar_classes.ply,7818,10,0,9,"0,1,2,3,4,5,6,7,8,9",False
valve_0024_lidar_classes.ply,7628,10,0,9,"0,1,2,3,4,5,6,7,8,9",False
valve_0025_lidar_classes.ply,7878,10,0,9,"0,1,2,3,4,5,6,7,8,9",False
valve_0026_lidar_classes.ply,8312,10,0,9,"0,1,2,3,4,5,6,7,8,9",False
valve_0027_lidar_classes.ply,8362,10,0,9,"0,1,2,3,4,5,6,7,8,9",False
valve_0028_lidar_classes.ply,6977,10,0,9,"0,1,2,3,4,5,6,7,8,9",False
valve_0029_lidar_classes.ply,7779,10,0,9,"0,1,2,3,4,5,6,7,8,9",False
valve_0030_lidar_classes.ply,7729,10,0,9,"0,1,2,3,4,5,6,7,8,9",False
valve_0031_lidar_classes.ply,8303,10,0,9,"0,1,2,3,4,5,6,7,8,9",False
valve_0032_lidar_classes.ply,6935,10,0,9,"0,1,2,3,4,5,6,7,8,9",False
valve_0033_lidar_classes.ply,7104,10,0,9,"0,1,2,3,4,5,6,7,8,9",False
valve_0034_lidar_classes.ply,8249,10,0,9,"0,1,2,3,4,5,6,7,8,9",False
valve_0035_lidar_classes.ply,8477,10,0,9,"0,1,2,3,4,5,6,7,8,9",False
valve_0036_lidar_classes.ply,7372,10,0,9,"0,1,2,3,4,5,6,7,8,9",False
valve_0037_lidar_classes.ply,7417,10,0,9,"0,1,2,3,4,5,6,7,8,9",False
valve_0038_lidar_classes.ply,7381,10,0,9,"0,1,2,3,4,5,6,7,8,9",False
valve_0039_lidar_classes.ply,8539,10,0,9,"0,1,2,3,4,5,6,7,8,9",False
valve_0040_lidar_classes.ply,7017,10,0,9,"0,1,2,3,4,5,6,7,8,9",False
valve_0041_lidar_classes.ply,7978,10,0,9,"0,1,2,3,4,5,6,7,8,9",False
valve_0042_lidar_classes.ply,7874,10,0,9,"0,1,2,3,4,5,6,7,8,9",False
valve_0043_lidar_classes.ply,8246,10,0,9,"0,1,2,3,4,5,6,7,8,9",False
valve_0044_lidar_classes.ply,7452,10,0,9,"0,1,2,3,4,5,6,7,8,9",False
valve_0045_lidar_classes.ply,8487,10,0,9,"0,1,2,3,4,5,6,7,8,9",False
valve_0046_lidar_classes.ply,8828,10,0,9,"0,1,2,3,4,5,6,7,8,9",False
valve_0047_lidar_classes.ply,8593,10,0,9,"0,1,2,3,4,5,6,7,8,9",False
valve_0048_lidar_classes.ply,6878,10,0,9,"0,1,2,3,4,5,6,7,8,9",False
valve_0049_lidar_classes.ply,7845,10,0,9,"0,1,2,3,4,5,6,7,8,9",False
valve_0050_lidar_classes.ply,8758,10,0,9,"0,1,2,3,4,5,6,7,8,9",False
valve_0051_lidar_classes.ply,7934,10,0,9,"0,1,2,3,4,5,6,7,8,9",False
valve_0052_lidar_classes.ply,7214,10,0,9,"0,1,2,3,4,5,6,7,8,9",False
valve_0053_lidar_classes.ply,6863,10,0,9,"0,1,2,3,4,5,6,7,8,9",False
valve_0054_lidar_classes.ply,8334,10,0,9,"0,1,2,3,4,5,6,7,8,9",False
valve_0055_lidar_classes.ply,8372,10,0,9,"0,1,2,3,4,5,6,7,8,9",False
valve_0056_lidar_classes.ply,7575,10,0,9,"0,1,2,3,4,5,6,7,8,9",False
valve_0057_lidar_classes.ply,7149,10,0,9,"0,1,2,3,4,5,6,7,8,9",False
valve_0058_lidar_classes.ply,7787,10,0,9,"0,1,2,3,4,5,6,7,8,9",False
valve_0059_lidar_classes.ply,7647,10,0,9,"0,1,2,3,4,5,6,7,8,9",False
valve_0060_lidar_classes.ply,7742,10,0,9,"0,1,2,3,4,5,6,7,8,9",False
valve_0061_lidar_classes.ply,8934,10,0,9,"0,1,2,3,4,5,6,7,8,9",False
valve_0062_lidar_classes.ply,7269,10,0,9,"0,1,2,3,4,5,6,7,8,9",False
valve_0063_lidar_classes.ply,7354,10,0,9,"0,1,2,3,4,5,6,7,8,9",False
valve_0064_lidar_classes.ply,7207,10,0,9,"0,1,2,3,4,5,6,7,8,9",False
valve_0065_lidar_classes.ply,7003,10,0,9,"0,1,2,3,4,5,6,7,8,9",False
valve_0066_lidar_classes.ply,7138,10,0,9,"0,1,2,3,4,5,6,7,8,9",False
valve_0067_lidar_classes.ply,7268,10,0,9,"0,1,2,3,4,5,6,7,8,9",False
valve_0068_lidar_classes.ply,7690,10,0,9,"0,1,2,3,4,5,6,7,8,9",False
valve_0069_lidar_classes.ply,8425,10,0,9,"0,1,2,3,4,5,6,7,8,9",False
valve_0070_lidar_classes.ply,7082,10,0,9,"0,1,2,3,4,5,6,7,8,9",False
valve_0071_lidar_classes.ply,8124,10,0,9,"0,1,2,3,4,5,6,7,8,9",False
valve_0072_lidar_classes.ply,7783,10,0,9,"0,1,2,3,4,5,6,7,8,9",False
valve_0073_lidar_classes.ply,7295,10,0,9,"0,1,2,3,4,5,6,7,8,9",False
valve_0074_lidar_classes.ply,8016,10,0,9,"0,1,2,3,4,5,6,7,8,9",False
valve_0075_lidar_classes.ply,8429,10,0,9,"0,1,2,3,4,5,6,7,8,9",False
valve_0076_lidar_classes.ply,8341,10,0,9,"0,1,2,3,4,5,6,7,8,9",False
valve_0077_lidar_classes.ply,8821,10,0,9,"0,1,2,3,4,5,6,7,8,9",False
valve_0078_lidar_classes.ply,8544,10,0,9,"0,1,2,3,4,5,6,7,8,9",False
valve_0079_lidar_classes.ply,8959,10,0,9,"0,1,2,3,4,5,6,7,8,9",False
valve_0080_lidar_classes.ply,7423,10,0,9,"0,1,2,3,4,5,6,7,8,9",False
valve_0081_lidar_classes.ply,7924,10,0,9,"0,1,2,3,4,5,6,7,8,9",False
valve_0082_lidar_classes.ply,6876,10,0,9,"0,1,2,3,4,5,6,7,8,9",False
valve_0083_lidar_classes.ply,6848,10,0,9,"0,1,2,3,4,5,6,7,8,9",False
valve_0084_lidar_classes.ply,7661,10,0,9,"0,1,2,3,4,5,6,7,8,9",False
valve_0085_lidar_classes.ply,6888,10,0,9,"0,1,2,3,4,5,6,7,8,9",False
valve_0086_lidar_classes.ply,8271,10,0,9,"0,1,2,3,4,5,6,7,8,9",False
valve_0087_lidar_classes.ply,7669,10,0,9,"0,1,2,3,4,5,6,7,8,9",False
valve_0088_lidar_classes.ply,7014,10,0,9,"0,1,2,3,4,5,6,7,8,9",False
valve_0089_lidar_classes.ply,7471,10,0,9,"0,1,2,3,4,5,6,7,8,9",False
valve_0090_lidar_classes.ply,7409,10,0,9,"0,1,2,3,4,5,6,7,8,9",False
valve_0091_lidar_classes.ply,6910,10,0,9,"0,1,2,3,4,5,6,7,8,9",False
valve_0092_lidar_classes.ply,8590,10,0,9,"0,1,2,3,4,5,6,7,8,9",False
valve_0093_lidar_classes.ply,6995,10,0,9,"0,1,2,3,4,5,6,7,8,9",False
valve_0094_lidar_classes.ply,7550,10,0,9,"0,1,2,3,4,5,6,7,8,9",False
valve_0095_lidar_classes.ply,7671,10,0,9,"0,1,2,3,4,5,6,7,8,9",False
valve_0096_lidar_classes.ply,8455,10,0,9,"0,1,2,3,4,5,6,7,8,9",False
valve_0097_lidar_classes.ply,8205,10,0,9,"0,1,2,3,4,5,6,7,8,9",False
valve_0098_lidar_classes.ply,8512,10,0,9,"0,1,2,3,4,5,6,7,8,9",False
valve_0099_lidar_classes.ply,8517,10,0,9,"0,1,2,3,4,5,6,7,8,9",False
valve_0100_lidar_classes.ply,7880,10,0,9,"0,1,2,3,4,5,6,7,8,9",False
valve_0101_lidar_classes.ply,8498,10,0,9,"0,1,2,3,4,5,6,7,8,9",False
valve_0102_lidar_classes.ply,7813,10,0,9,"0,1,2,3,4,5,6,7,8,9",False
valve_0103_lidar_classes.ply,7581,10,0,9,"0,1,2,3,4,5,6,7,8,9",False
valve_0104_lidar_classes.ply,7506,10,0,9,"0,1,2,3,4,5,6,7,8,9",False
valve_0105_lidar_classes.ply,7135,10,0,9,"0,1,2,3,4,5,6,7,8,9",False
valve_0106_lidar_classes.ply,7495,10,0,9,"0,1,2,3,4,5,6,7,8,9",False
valve_0107_lidar_classes.ply,7569,10,0,9,"0,1,2,3,4,5,6,7,8,9",False
valve_0108_lidar_classes.ply,8071,10,0,9,"0,1,2,3,4,5,6,7,8,9",False
valve_0109_lidar_classes.ply,7375,10,0,9,"0,1,2,3,4,5,6,7,8,9",False
valve_0110_lidar_classes.ply,7853,10,0,9,"0,1,2,3,4,5,6,7,8,9",False
valve_0111_lidar_classes.ply,8152,10,0,9,"0,1,2,3,4,5,6,7,8,9",False
valve_0112_lidar_classes.ply,8356,10,0,9,"0,1,2,3,4,5,6,7,8,9",False
valve_0113_lidar_classes.ply,7740,10,0,9,"0,1,2,3,4,5,6,7,8,9",False
valve_0114_lidar_classes.ply,7366,10,0,9,"0,1,2,3,4,5,6,7,8,9",False
valve_0115_lidar_classes.ply,7721,10,0,9,"0,1,2,3,4,5,6,7,8,9",False
valve_0116_lidar_classes.ply,7887,10,0,9,"0,1,2,3,4,5,6,7,8,9",False
valve_0117_lidar_classes.ply,7239,10,0,9,"0,1,2,3,4,5,6,7,8,9",False
valve_0118_lidar_classes.ply,8957,10,0,9,"0,1,2,3,4,5,6,7,8,9",False
valve_0119_lidar_classes.ply,7732,10,0,9,"0,1,2,3,4,5,6,7,8,9",False
valve_0120_lidar_classes.ply,8173,10,0,9,"0,1,2,3,4,5,6,7,8,9",False
valve_0121_lidar_classes.ply,7379,10,0,9,"0,1,2,3,4,5,6,7,8,9",False
valve_0122_lidar_classes.ply,8517,10,0,9,"0,1,2,3,4,5,6,7,8,9",False
valve_0123_lidar_classes.ply,7665,10,0,9,"0,1,2,3,4,5,6,7,8,9",False
valve_0124_lidar_classes.ply,7150,10,0,9,"0,1,2,3,4,5,6,7,8,9",False
valve_0125_lidar_classes.ply,7676,10,0,9,"0,1,2,3,4,5,6,7,8,9",False
valve_0126_lidar_classes.ply,6961,10,0,9,"0,1,2,3,4,5,6,7,8,9",False
valve_0127_lidar_classes.ply,8512,10,0,9,"0,1,2,3,4,5,6,7,8,9",False
valve_0128_lidar_classes.ply,7073,10,0,9,"0,1,2,3,4,5,6,7,8,9",False
valve_0129_lidar_classes.ply,7836,10,0,9,"0,1,2,3,4,5,6,7,8,9",False
valve_0130_lidar_classes.ply,8773,10,0,9,"0,1,2,3,4,5,6,7,8,9",False
valve_0131_lidar_classes.ply,7780,10,0,9,"0,1,2,3,4,5,6,7,8,9",False
valve_0132_lidar_classes.ply,7286,10,0,9,"0,1,2,3,4,5,6,7,8,9",False
valve_0133_lidar_classes.ply,7048,10,0,9,"0,1,2,3,4,5,6,7,8,9",False
valve_0134_lidar_classes.ply,7985,10,0,9,"0,1,2,3,4,5,6,7,8,9",False
valve_0135_lidar_classes.ply,8149,10,0,9,"0,1,2,3,4,5,6,7,8,9",False
valve_0136_lidar_classes.ply,8003,10,0,9,"0,1,2,3,4,5,6,7,8,9",False
valve_0137_lidar_classes.ply,6957,10,0,9,"0,1,2,3,4,5,6,7,8,9",False
valve_0138_lidar_classes.ply,8462,10,0,9,"0,1,2,3,4,5,6,7,8,9",False
valve_0139_lidar_classes.ply,7908,10,0,9,"0,1,2,3,4,5,6,7,8,9",False
valve_0140_lidar_classes.ply,6944,10,0,9,"0,1,2,3,4,5,6,7,8,9",False
valve_0141_lidar_classes.ply,7809,10,0,9,"0,1,2,3,4,5,6,7,8,9",False
valve_0142_lidar_classes.ply,8400,10,0,9,"0,1,2,3,4,5,6,7,8,9",False
valve_0143_lidar_classes.ply,8645,10,0,9,"0,1,2,3,4,5,6,7,8,9",False
valve_0144_lidar_classes.ply,7703,10,0,9,"0,1,2,3,4,5,6,7,8,9",False
valve_0145_lidar_classes.ply,7449,10,0,9,"0,1,2,3,4,5,6,7,8,9",False
valve_0146_lidar_classes.ply,8000,10,0,9,"0,1,2,3,4,5,6,7,8,9",False
valve_0147_lidar_classes.ply,7559,10,0,9,"0,1,2,3,4,5,6,7,8,9",False
valve_0148_lidar_classes.ply,8558,10,0,9,"0,1,2,3,4,5,6,7,8,9",False
valve_0149_lidar_classes.ply,7630,10,0,9,"0,1,2,3,4,5,6,7,8,9",False
valve_0150_lidar_classes.ply,8586,10,0,9,"0,1,2,3,4,5,6,7,8,9",False
valve_0151_lidar_classes.ply,8210,10,0,9,"0,1,2,3,4,5,6,7,8,9",False
valve_0152_lidar_classes.ply,7631,10,0,9,"0,1,2,3,4,5,6,7,8,9",False
valve_0153_lidar_classes.ply,7825,10,0,9,"0,1,2,3,4,5,6,7,8,9",False
valve_0154_lidar_classes.ply,7005,10,0,9,"0,1,2,3,4,5,6,7,8,9",False
valve_0155_lidar_classes.ply,8960,10,0,9,"0,1,2,3,4,5,6,7,8,9",False
valve_0156_lidar_classes.ply,7880,10,0,9,"0,1,2,3,4,5,6,7,8,9",False
valve_0157_lidar_classes.ply,7650,10,0,9,"0,1,2,3,4,5,6,7,8,9",False
valve_0158_lidar_classes.ply,7501,10,0,9,"0,1,2,3,4,5,6,7,8,9",False
valve_0159_lidar_classes.ply,7448,10,0,9,"0,1,2,3,4,5,6,7,8,9",False
valve_0160_lidar_classes.ply,8323,10,0,9,"0,1,2,3,4,5,6,7,8,9",False
valve_0161_lidar_classes.ply,7334,10,0,9,"0,1,2,3,4,5,6,7,8,9",False
valve_0162_lidar_classes.ply,8439,10,0,9,"0,1,2,3,4,5,6,7,8,9",False
valve_0163_lidar_classes.ply,7619,10,0,9,"0,1,2,3,4,5,6,7,8,9",False
valve_0164_lidar_classes.ply,7635,10,0,9,"0,1,2,3,4,5,6,7,8,9",False
valve_0165_lidar_classes.ply,8519,10,0,9,"0,1,2,3,4,5,6,7,8,9",False
valve_0166_lidar_classes.ply,7817,10,0,9,"0,1,2,3,4,5,6,7,8,9",False
valve_0167_lidar_classes.ply,8301,10,0,9,"0,1,2,3,4,5,6,7,8,9",False
valve_0168_lidar_classes.ply,7792,10,0,9,"0,1,2,3,4,5,6,7,8,9",False
valve_0169_lidar_classes.ply,7166,10,0,9,"0,1,2,3,4,5,6,7,8,9",False
valve_0170_lidar_classes.ply,8030,10,0,9,"0,1,2,3,4,5,6,7,8,9",False
valve_0171_lidar_classes.ply,7023,10,0,9,"0,1,2,3,4,5,6,7,8,9",False
valve_0172_lidar_classes.ply,8361,10,0,9,"0,1,2,3,4,5,6,7,8,9",False
valve_0173_lidar_classes.ply,8774,10,0,9,"0,1,2,3,4,5,6,7,8,9",False
valve_0174_lidar_classes.ply,6926,10,0,9,"0,1,2,3,4,5,6,7,8,9",False
valve_0175_lidar_classes.ply,8099,10,0,9,"0,1,2,3,4,5,6,7,8,9",False
valve_0176_lidar_classes.ply,6918,10,0,9,"0,1,2,3,4,5,6,7,8,9",False
valve_0177_lidar_classes.ply,8180,10,0,9,"0,1,2,3,4,5,6,7,8,9",False
valve_0178_lidar_classes.ply,8609,10,0,9,"0,1,2,3,4,5,6,7,8,9",False
valve_0179_lidar_classes.ply,7902,10,0,9,"0,1,2,3,4,5,6,7,8,9",False
valve_0180_lidar_classes.ply,8783,10,0,9,"0,1,2,3,4,5,6,7,8,9",False
valve_0181_lidar_classes.ply,7439,10,0,9,"0,1,2,3,4,5,6,7,8,9",False
valve_0182_lidar_classes.ply,6789,10,0,9,"0,1,2,3,4,5,6,7,8,9",False
valve_0183_lidar_classes.ply,8290,10,0,9,"0,1,2,3,4,5,6,7,8,9",False
valve_0184_lidar_classes.ply,8111,10,0,9,"0,1,2,3,4,5,6,7,8,9",False
valve_0185_lidar_classes.ply,7747,10,0,9,"0,1,2,3,4,5,6,7,8,9",False
valve_0186_lidar_classes.ply,7779,10,0,9,"0,1,2,3,4,5,6,7,8,9",False
valve_0187_lidar_classes.ply,7130,10,0,9,"0,1,2,3,4,5,6,7,8,9",False
valve_0188_lidar_classes.ply,6854,10,0,9,"0,1,2,3,4,5,6,7,8,9",False
valve_0189_lidar_classes.ply,8323,10,0,9,"0,1,2,3,4,5,6,7,8,9",False
valve_0190_lidar_classes.ply,8704,10,0,9,"0,1,2,3,4,5,6,7,8,9",False
valve_0191_lidar_classes.ply,7324,10,0,9,"0,1,2,3,4,5,6,7,8,9",False
valve_0192_lidar_classes.ply,7674,10,0,9,"0,1,2,3,4,5,6,7,8,9",False
valve_0193_lidar_classes.ply,7793,10,0,9,"0,1,2,3,4,5,6,7,8,9",False
valve_0194_lidar_classes.ply,8228,10,0,9,"0,1,2,3,4,5,6,7,8,9",False
valve_0195_lidar_classes.ply,7448,10,0,9,"0,1,2,3,4,5,6,7,8,9",False
valve_0196_lidar_classes.ply,8393,10,0,9,"0,1,2,3,4,5,6,7,8,9",False
valve_0197_lidar_classes.ply,7411,10,0,9,"0,1,2,3,4,5,6,7,8,9",False
valve_0198_lidar_classes.ply,7542,10,0,9,"0,1,2,3,4,5,6,7,8,9",False
valve_0199_lidar_classes.ply,7574,10,0,9,"0,1,2,3,4,5,6,7,8,9",False
valve_0200_lidar_classes.ply,7143,10,0,9,"0,1,2,3,4,5,6,7,8,9",False
valve_0201_lidar_classes.ply,7770,10,0,9,"0,1,2,3,4,5,6,7,8,9",False
valve_0202_lidar_classes.ply,9058,10,0,9,"0,1,2,3,4,5,6,7,8,9",False
valve_0203_lidar_classes.ply,7201,10,0,9,"0,1,2,3,4,5,6,7,8,9",False
valve_0204_lidar_classes.ply,6945,10,0,9,"0,1,2,3,4,5,6,7,8,9",False
valve_0205_lidar_classes.ply,7513,10,0,9,"0,1,2,3,4,5,6,7,8,9",False
valve_0206_lidar_classes.ply,8043,10,0,9,"0,1,2,3,4,5,6,7,8,9",False
valve_0207_lidar_classes.ply,8389,10,0,9,"0,1,2,3,4,5,6,7,8,9",False
valve_0208_lidar_classes.ply,7618,10,0,9,"0,1,2,3,4,5,6,7,8,9",False
valve_0209_lidar_classes.ply,8194,10,0,9,"0,1,2,3,4,5,6,7,8,9",False
valve_0210_lidar_classes.ply,7473,10,0,9,"0,1,2,3,4,5,6,7,8,9",False
valve_0211_lidar_classes.ply,7034,10,0,9,"0,1,2,3,4,5,6,7,8,9",False
valve_0212_lidar_classes.ply,7284,10,0,9,"0,1,2,3,4,5,6,7,8,9",False
valve_0213_lidar_classes.ply,7094,10,0,9,"0,1,2,3,4,5,6,7,8,9",False
valve_0214_lidar_classes.ply,7002,10,0,9,"0,1,2,3,4,5,6,7,8,9",False
valve_0215_lidar_classes.ply,8543,10,0,9,"0,1,2,3,4,5,6,7,8,9",False
valve_0216_lidar_classes.ply,8472,10,0,9,"0,1,2,3,4,5,6,7,8,9",False
valve_0217_lidar_classes.ply,7513,10,0,9,"0,1,2,3,4,5,6,7,8,9",False
valve_0218_lidar_classes.ply,7807,10,0,9,"0,1,2,3,4,5,6,7,8,9",False
valve_0219_lidar_classes.ply,6728,10,0,9,"0,1,2,3,4,5,6,7,8,9",False
valve_0220_lidar_classes.ply,7029,10,0,9,"0,1,2,3,4,5,6,7,8,9",False
valve_0221_lidar_classes.ply,8688,10,0,9,"0,1,2,3,4,5,6,7,8,9",False
valve_0222_lidar_classes.ply,8123,10,0,9,"0,1,2,3,4,5,6,7,8,9",False
valve_0223_lidar_classes.ply,7686,10,0,9,"0,1,2,3,4,5,6,7,8,9",False
valve_0224_lidar_classes.ply,7108,10,0,9,"0,1,2,3,4,5,6,7,8,9",False
valve_0225_lidar_classes.ply,7414,10,0,9,"0,1,2,3,4,5,6,7,8,9",False
valve_0226_lidar_classes.ply,8344,10,0,9,"0,1,2,3,4,5,6,7,8,9",False
valve_0227_lidar_classes.ply,7564,10,0,9,"0,1,2,3,4,5,6,7,8,9",False
valve_0228_lidar_classes.ply,7169,10,0,9,"0,1,2,3,4,5,6,7,8,9",False
valve_0229_lidar_classes.ply,7528,10,0,9,"0,1,2,3,4,5,6,7,8,9",False
valve_0230_lidar_classes.ply,7883,10,0,9,"0,1,2,3,4,5,6,7,8,9",False
valve_0231_lidar_classes.ply,8797,10,0,9,"0,1,2,3,4,5,6,7,8,9",False
valve_0232_lidar_classes.ply,7145,10,0,9,"0,1,2,3,4,5,6,7,8,9",False
valve_0233_lidar_classes.ply,7658,10,0,9,"0,1,2,3,4,5,6,7,8,9",False
valve_0234_lidar_classes.ply,7228,10,0,9,"0,1,2,3,4,5,6,7,8,9",False
valve_0235_lidar_classes.ply,7431,10,0,9,"0,1,2,3,4,5,6,7,8,9",False
valve_0236_lidar_classes.ply,7507,10,0,9,"0,1,2,3,4,5,6,7,8,9",False
valve_0237_lidar_classes.ply,8528,10,0,9,"0,1,2,3,4,5,6,7,8,9",False
valve_0238_lidar_classes.ply,7729,10,0,9,"0,1,2,3,4,5,6,7,8,9",False
valve_0239_lidar_classes.ply,7501,10,0,9,"0,1,2,3,4,5,6,7,8,9",False
valve_0240_lidar_classes.ply,8500,10,0,9,"0,1,2,3,4,5,6,7,8,9",False
valve_0241_lidar_classes.ply,8367,10,0,9,"0,1,2,3,4,5,6,7,8,9",False
valve_0242_lidar_classes.ply,6929,10,0,9,"0,1,2,3,4,5,6,7,8,9",False
valve_0243_lidar_classes.ply,7539,10,0,9,"0,1,2,3,4,5,6,7,8,9",False
valve_0244_lidar_classes.ply,6990,10,0,9,"0,1,2,3,4,5,6,7,8,9",False
valve_0245_lidar_classes.ply,7066,10,0,9,"0,1,2,3,4,5,6,7,8,9",False
valve_0246_lidar_classes.ply,7046,10,0,9,"0,1,2,3,4,5,6,7,8,9",False
valve_0247_lidar_classes.ply,6911,10,0,9,"0,1,2,3,4,5,6,7,8,9",False
valve_0248_lidar_classes.ply,7588,10,0,9,"0,1,2,3,4,5,6,7,8,9",False
valve_0249_lidar_classes.ply,8460,10,0,9,"0,1,2,3,4,5,6,7,8,9",False
valve_0250_lidar_classes.ply,6940,10,0,9,"0,1,2,3,4,5,6,7,8,9",False
valve_0251_lidar_classes.ply,8455,10,0,9,"0,1,2,3,4,5,6,7,8,9",False
valve_0252_lidar_classes.ply,7915,10,0,9,"0,1,2,3,4,5,6,7,8,9",False
valve_0253_lidar_classes.ply,6833,10,0,9,"0,1,2,3,4,5,6,7,8,9",False
valve_0254_lidar_classes.ply,7954,10,0,9,"0,1,2,3,4,5,6,7,8,9",False
valve_0255_lidar_classes.ply,6950,10,0,9,"0,1,2,3,4,5,6,7,8,9",False
valve_0256_lidar_classes.ply,6926,10,0,9,"0,1,2,3,4,5,6,7,8,9",False
valve_0257_lidar_classes.ply,8332,10,0,9,"0,1,2,3,4,5,6,7,8,9",False
valve_0258_lidar_classes.ply,8543,10,0,9,"0,1,2,3,4,5,6,7,8,9",False
valve_0259_lidar_classes.ply,7477,10,0,9,"0,1,2,3,4,5,6,7,8,9",False
valve_0260_lidar_classes.ply,7794,10,0,9,"0,1,2,3,4,5,6,7,8,9",False
valve_0261_lidar_classes.ply,8027,10,0,9,"0,1,2,3,4,5,6,7,8,9",False
valve_0262_lidar_classes.ply,8238,10,0,9,"0,1,2,3,4,5,6,7,8,9",False
valve_0263_lidar_classes.ply,7792,10,0,9,"0,1,2,3,4,5,6,7,8,9",False
valve_0264_lidar_classes.ply,7174,10,0,9,"0,1,2,3,4,5,6,7,8,9",False
valve_0265_lidar_classes.ply,7546,10,0,9,"0,1,2,3,4,5,6,7,8,9",False
valve_0266_lidar_classes.ply,7391,10,0,9,"0,1,2,3,4,5,6,7,8,9",False
valve_0267_lidar_classes.ply,8368,10,0,9,"0,1,2,3,4,5,6,7,8,9",False
valve_0268_lidar_classes.ply,8215,10,0,9,"0,1,2,3,4,5,6,7,8,9",False
valve_0269_lidar_classes.ply,7434,10,0,9,"0,1,2,3,4,5,6,7,8,9",False
valve_0270_lidar_classes.ply,7916,10,0,9,"0,1,2,3,4,5,6,7,8,9",False
valve_0271_lidar_classes.ply,7224,10,0,9,"0,1,2,3,4,5,6,7,8,9",False
valve_0272_lidar_classes.ply,8199,10,0,9,"0,1,2,3,4,5,6,7,8,9",False
valve_0273_lidar_classes.ply,7078,10,0,9,"0,1,2,3,4,5,6,7,8,9",False
valve_0274_lidar_classes.ply,8122,10,0,9,"0,1,2,3,4,5,6,7,8,9",False
valve_0275_lidar_classes.ply,6942,10,0,9,"0,1,2,3,4,5,6,7,8,9",False
valve_0276_lidar_classes.ply,7772,10,0,9,"0,1,2,3,4,5,6,7,8,9",False
valve_0277_lidar_classes.ply,8656,10,0,9,"0,1,2,3,4,5,6,7,8,9",False
valve_0278_lidar_classes.ply,7797,10,0,9,"0,1,2,3,4,5,6,7,8,9",False
valve_0279_lidar_classes.ply,8957,10,0,9,"0,1,2,3,4,5,6,7,8,9",False
valve_0280_lidar_classes.ply,6843,10,0,9,"0,1,2,3,4,5,6,7,8,9",False
valve_0281_lidar_classes.ply,7310,10,0,9,"0,1,2,3,4,5,6,7,8,9",False
valve_0282_lidar_classes.ply,7018,10,0,9,"0,1,2,3,4,5,6,7,8,9",False
valve_0283_lidar_classes.ply,7702,10,0,9,"0,1,2,3,4,5,6,7,8,9",False
valve_0284_lidar_classes.ply,6715,10,0,9,"0,1,2,3,4,5,6,7,8,9",False
valve_0285_lidar_classes.ply,6896,10,0,9,"0,1,2,3,4,5,6,7,8,9",False
valve_0286_lidar_classes.ply,7732,10,0,9,"0,1,2,3,4,5,6,7,8,9",False
valve_0287_lidar_classes.ply,7796,10,0,9,"0,1,2,3,4,5,6,7,8,9",False
valve_0288_lidar_classes.ply,7345,10,0,9,"0,1,2,3,4,5,6,7,8,9",False
valve_0289_lidar_classes.ply,8187,10,0,9,"0,1,2,3,4,5,6,7,8,9",False
valve_0290_lidar_classes.ply,7808,10,0,9,"0,1,2,3,4,5,6,7,8,9",False
valve_0291_lidar_classes.ply,7532,10,0,9,"0,1,2,3,4,5,6,7,8,9",False
valve_0292_lidar_classes.ply,8845,10,0,9,"0,1,2,3,4,5,6,7,8,9",False
valve_0293_lidar_classes.ply,6989,10,0,9,"0,1,2,3,4,5,6,7,8,9",False
valve_0294_lidar_classes.ply,8441,10,0,9,"0,1,2,3,4,5,6,7,8,9",False
valve_0295_lidar_classes.ply,7487,10,0,9,"0,1,2,3,4,5,6,7,8,9",False
valve_0296_lidar_classes.ply,7689,10,0,9,"0,1,2,3,4,5,6,7,8,9",False
valve_0297_lidar_classes.ply,8902,10,0,9,"0,1,2,3,4,5,6,7,8,9",False
valve_0298_lidar_classes.ply,8024,10,0,9,"0,1,2,3,4,5,6,7,8,9",False
valve_0299_lidar_classes.ply,8069,10,0,9,"0,1,2,3,4,5,6,7,8,9",False
valve_0300_lidar_classes.ply,8798,10,0,9,"0,1,2,3,4,5,6,7,8,9",False
valve_0301_lidar_classes.ply,7946,10,0,9,"0,1,2,3,4,5,6,7,8,9",False
valve_0302_lidar_classes.ply,8505,10,0,9,"0,1,2,3,4,5,6,7,8,9",False
valve_0303_lidar_classes.ply,7627,10,0,9,"0,1,2,3,4,5,6,7,8,9",False
valve_0304_lidar_classes.ply,7549,10,0,9,"0,1,2,3,4,5,6,7,8,9",False
valve_0305_lidar_classes.ply,7617,10,0,9,"0,1,2,3,4,5,6,7,8,9",False
valve_0306_lidar_classes.ply,7255,10,0,9,"0,1,2,3,4,5,6,7,8,9",False
valve_0307_lidar_classes.ply,7314,10,0,9,"0,1,2,3,4,5,6,7,8,9",False
valve_0308_lidar_classes.ply,7348,10,0,9,"0,1,2,3,4,5,6,7,8,9",False
valve_0309_lidar_classes.ply,6805,10,0,9,"0,1,2,3,4,5,6,7,8,9",False
valve_0310_lidar_classes.ply,6977,10,0,9,"0,1,2,3,4,5,6,7,8,9",False
valve_0311_lidar_classes.ply,7354,10,0,9,"0,1,2,3,4,5,6,7,8,9",False
valve_0312_lidar_classes.ply,7082,10,0,9,"0,1,2,3,4,5,6,7,8,9",False
valve_0313_lidar_classes.ply,7058,10,0,9,"0,1,2,3,4,5,6,7,8,9",False
valve_0314_lidar_classes.ply,8348,10,0,9,"0,1,2,3,4,5,6,7,8,9",False
valve_0315_lidar_classes.ply,8568,10,0,9,"0,1,2,3,4,5,6,7,8,9",False
valve_0316_lidar_classes.ply,8851,10,0,9,"0,1,2,3,4,5,6,7,8,9",False
valve_0317_lidar_classes.ply,7617,10,0,9,"0,1,2,3,4,5,6,7,8,9",False
valve_0318_lidar_classes.ply,7845,10,0,9,"0,1,2,3,4,5,6,7,8,9",False
valve_0319_lidar_classes.ply,7304,10,0,9,"0,1,2,3,4,5,6,7,8,9",False
valve_0320_lidar_classes.ply,8191,10,0,9,"0,1,2,3,4,5,6,7,8,9",False
valve_0321_lidar_classes.ply,8291,10,0,9,"0,1,2,3,4,5,6,7,8,9",False
valve_0322_lidar_classes.ply,8467,10,0,9,"0,1,2,3,4,5,6,7,8,9",False
valve_0323_lidar_classes.ply,7900,10,0,9,"0,1,2,3,4,5,6,7,8,9",False
valve_0324_lidar_classes.ply,7513,10,0,9,"0,1,2,3,4,5,6,7,8,9",False
valve_0325_lidar_classes.ply,8298,10,0,9,"0,1,2,3,4,5,6,7,8,9",False
valve_0326_lidar_classes.ply,8332,10,0,9,"0,1,2,3,4,5,6,7,8,9",False
valve_0327_lidar_classes.ply,6899,10,0,9,"0,1,2,3,4,5,6,7,8,9",False
valve_0328_lidar_classes.ply,7739,10,0,9,"0,1,2,3,4,5,6,7,8,9",False
valve_0329_lidar_classes.ply,7334,10,0,9,"0,1,2,3,4,5,6,7,8,9",False
valve_0330_lidar_classes.ply,7703,10,0,9,"0,1,2,3,4,5,6,7,8,9",False
valve_0331_lidar_classes.ply,7125,10,0,9,"0,1,2,3,4,5,6,7,8,9",False
valve_0332_lidar_classes.ply,8645,10,0,9,"0,1,2,3,4,5,6,7,8,9",False
valve_0333_lidar_classes.ply,8362,10,0,9,"0,1,2,3,4,5,6,7,8,9",False
valve_0334_lidar_classes.ply,8516,10,0,9,"0,1,2,3,4,5,6,7,8,9",False
valve_0335_lidar_classes.ply,7284,10,0,9,"0,1,2,3,4,5,6,7,8,9",False
valve_0336_lidar_classes.ply,7370,10,0,9,"0,1,2,3,4,5,6,7,8,9",False
valve_0337_lidar_classes.ply,8701,10,0,9,"0,1,2,3,4,5,6,7,8,9",False
valve_0338_lidar_classes.ply,8613,10,0,9,"0,1,2,3,4,5,6,7,8,9",False
valve_0339_lidar_classes.ply,8760,10,0,9,"0,1,2,3,4,5,6,7,8,9",False
valve_0340_lidar_classes.ply,8397,10,0,9,"0,1,2,3,4,5,6,7,8,9",False
valve_0341_lidar_classes.ply,7527,10,0,9,"0,1,2,3,4,5,6,7,8,9",False
valve_0342_lidar_classes.ply,7651,10,0,9,"0,1,2,3,4,5,6,7,8,9",False
valve_0343_lidar_classes.ply,8508,10,0,9,"0,1,2,3,4,5,6,7,8,9",False
valve_0344_lidar_classes.ply,7994,10,0,9,"0,1,2,3,4,5,6,7,8,9",False
valve_0345_lidar_classes.ply,8028,10,0,9,"0,1,2,3,4,5,6,7,8,9",False
valve_0346_lidar_classes.ply,7795,10,0,9,"0,1,2,3,4,5,6,7,8,9",False
valve_0347_lidar_classes.ply,7623,10,0,9,"0,1,2,3,4,5,6,7,8,9",False
valve_0348_lidar_classes.ply,6813,10,0,9,"0,1,2,3,4,5,6,7,8,9",False
valve_0349_lidar_classes.ply,7076,10,0,9,"0,1,2,3,4,5,6,7,8,9",False
valve_0350_lidar_classes.ply,7808,10,0,9,"0,1,2,3,4,5,6,7,8,9",False
valve_0351_lidar_classes.ply,7566,10,0,9,"0,1,2,3,4,5,6,7,8,9",False
valve_0352_lidar_classes.ply,7801,10,0,9,"0,1,2,3,4,5,6,7,8,9",False
valve_0353_lidar_classes.ply,7837,10,0,9,"0,1,2,3,4,5,6,7,8,9",False
valve_0354_lidar_classes.ply,8978,10,0,9,"0,1,2,3,4,5,6,7,8,9",False
valve_0355_lidar_classes.ply,8417,10,0,9,"0,1,2,3,4,5,6,7,8,9",False
valve_0356_lidar_classes.ply,8279,10,0,9,"0,1,2,3,4,5,6,7,8,9",False
valve_0357_lidar_classes.ply,7733,10,0,9,"0,1,2,3,4,5,6,7,8,9",False
valve_0358_lidar_classes.ply,7716,10,0,9,"0,1,2,3,4,5,6,7,8,9",False
valve_0359_lidar_classes.ply,7359,10,0,9,"0,1,2,3,4,5,6,7,8,9",False
valve_0360_lidar_classes.ply,7429,10,0,9,"0,1,2,3,4,5,6,7,8,9",False
valve_0361_lidar_classes.ply,6991,10,0,9,"0,1,2,3,4,5,6,7,8,9",False
valve_0362_lidar_classes.ply,7643,10,0,9,"0,1,2,3,4,5,6,7,8,9",False
valve_0363_lidar_classes.ply,8522,10,0,9,"0,1,2,3,4,5,6,7,8,9",False
valve_0364_lidar_classes.ply,8265,10,0,9,"0,1,2,3,4,5,6,7,8,9",False
valve_0365_lidar_classes.ply,7067,10,0,9,"0,1,2,3,4,5,6,7,8,9",False
valve_0366_lidar_classes.ply,8268,10,0,9,"0,1,2,3,4,5,6,7,8,9",False
valve_0367_lidar_classes.ply,8522,10,0,9,"0,1,2,3,4,5,6,7,8,9",False
valve_0368_lidar_classes.ply,7678,10,0,9,"0,1,2,3,4,5,6,7,8,9",False
valve_0369_lidar_classes.ply,6970,10,0,9,"0,1,2,3,4,5,6,7,8,9",False
valve_0370_lidar_classes.ply,8598,10,0,9,"0,1,2,3,4,5,6,7,8,9",False
valve_0371_lidar_classes.ply,7783,10,0,9,"0,1,2,3,4,5,6,7,8,9",False
valve_0372_lidar_classes.ply,6822,10,0,9,"0,1,2,3,4,5,6,7,8,9",False
valve_0373_lidar_classes.ply,8249,10,0,9,"0,1,2,3,4,5,6,7,8,9",False
valve_0374_lidar_classes.ply,7652,10,0,9,"0,1,2,3,4,5,6,7,8,9",False
valve_0375_lidar_classes.ply,7753,10,0,9,"0,1,2,3,4,5,6,7,8,9",False
valve_0376_lidar_classes.ply,7798,10,0,9,"0,1,2,3,4,5,6,7,8,9",False
valve_0377_lidar_classes.ply,7061,10,0,9,"0,1,2,3,4,5,6,7,8,9",False
valve_0378_lidar_classes.ply,7637,10,0,9,"0,1,2,3,4,5,6,7,8,9",False
valve_0379_lidar_classes.ply,8127,10,0,9,"0,1,2,3,4,5,6,7,8,9",False
valve_0380_lidar_classes.ply,7606,10,0,9,"0,1,2,3,4,5,6,7,8,9",False
valve_0381_lidar_classes.ply,8243,10,0,9,"0,1,2,3,4,5,6,7,8,9",False
valve_0382_lidar_classes.ply,8181,10,0,9,"0,1,2,3,4,5,6,7,8,9",False
valve_0383_lidar_classes.ply,8279,10,0,9,"0,1,2,3,4,5,6,7,8,9",False
valve_0384_lidar_classes.ply,7474,10,0,9,"0,1,2,3,4,5,6,7,8,9",False
valve_0385_lidar_classes.ply,7773,10,0,9,"0,1,2,3,4,5,6,7,8,9",False
valve_0386_lidar_classes.ply,7062,10,0,9,"0,1,2,3,4,5,6,7,8,9",False
valve_0387_lidar_classes.ply,7693,10,0,9,"0,1,2,3,4,5,6,7,8,9",False
valve_0388_lidar_classes.ply,7578,10,0,9,"0,1,2,3,4,5,6,7,8,9",False
valve_0389_lidar_classes.ply,8891,10,0,9,"0,1,2,3,4,5,6,7,8,9",False
valve_0390_lidar_classes.ply,7754,10,0,9,"0,1,2,3,4,5,6,7,8,9",False
valve_0391_lidar_classes.ply,8544,10,0,9,"0,1,2,3,4,5,6,7,8,9",False
valve_0392_lidar_classes.ply,6972,10,0,9,"0,1,2,3,4,5,6,7,8,9",False
valve_0393_lidar_classes.ply,7229,10,0,9,"0,1,2,3,4,5,6,7,8,9",False
valve_0394_lidar_classes.ply,8393,10,0,9,"0,1,2,3,4,5,6,7,8,9",False
valve_0395_lidar_classes.ply,8613,10,0,9,"0,1,2,3,4,5,6,7,8,9",False
valve_0396_lidar_classes.ply,8205,10,0,9,"0,1,2,3,4,5,6,7,8,9",False
valve_0397_lidar_classes.ply,8146,10,0,9,"0,1,2,3,4,5,6,7,8,9",False
valve_0398_lidar_classes.ply,7686,10,0,9,"0,1,2,3,4,5,6,7,8,9",False
valve_0399_lidar_classes.ply,7777,10,0,9,"0,1,2,3,4,5,6,7,8,9",False
valve_0400_lidar_classes.ply,7163,10,0,9,"0,1,2,3,4,5,6,7,8,9",False
valve_0401_lidar_classes.ply,8880,10,0,9,"0,1,2,3,4,5,6,7,8,9",False
valve_0402_lidar_classes.ply,8079,10,0,9,"0,1,2,3,4,5,6,7,8,9",False
valve_0403_lidar_classes.ply,7442,10,0,9,"0,1,2,3,4,5,6,7,8,9",False
valve_0404_lidar_classes.ply,7259,10,0,9,"0,1,2,3,4,5,6,7,8,9",False
valve_0405_lidar_classes.ply,6803,10,0,9,"0,1,2,3,4,5,6,7,8,9",False
valve_0406_lidar_classes.ply,7731,10,0,9,"0,1,2,3,4,5,6,7,8,9",False
valve_0407_lidar_classes.ply,7046,10,0,9,"0,1,2,3,4,5,6,7,8,9",False
valve_0408_lidar_classes.ply,8428,10,0,9,"0,1,2,3,4,5,6,7,8,9",False
valve_0409_lidar_classes.ply,8060,10,0,9,"0,1,2,3,4,5,6,7,8,9",False
valve_0410_lidar_classes.ply,8593,10,0,9,"0,1,2,3,4,5,6,7,8,9",False
valve_0411_lidar_classes.ply,7765,10,0,9,"0,1,2,3,4,5,6,7,8,9",False
valve_0412_lidar_classes.ply,7545,10,0,9,"0,1,2,3,4,5,6,7,8,9",False
valve_0413_lidar_classes.ply,8323,10,0,9,"0,1,2,3,4,5,6,7,8,9",False
valve_0414_lidar_classes.ply,8609,10,0,9,"0,1,2,3,4,5,6,7,8,9",False
valve_0415_lidar_classes.ply,7126,10,0,9,"0,1,2,3,4,5,6,7,8,9",False
valve_0416_lidar_classes.ply,7802,10,0,9,"0,1,2,3,4,5,6,7,8,9",False
valve_0417_lidar_classes.ply,8594,10,0,9,"0,1,2,3,4,5,6,7,8,9",False
valve_0418_lidar_classes.ply,8378,10,0,9,"0,1,2,3,4,5,6,7,8,9",False
valve_0419_lidar_classes.ply,7745,10,0,9,"0,1,2,3,4,5,6,7,8,9",False
valve_0420_lidar_classes.ply,7566,10,0,9,"0,1,2,3,4,5,6,7,8,9",False
valve_0421_lidar_classes.ply,7557,10,0,9,"0,1,2,3,4,5,6,7,8,9",False
valve_0422_lidar_classes.ply,8326,10,0,9,"0,1,2,3,4,5,6,7,8,9",False
valve_0423_lidar_classes.ply,7695,10,0,9,"0,1,2,3,4,5,6,7,8,9",False
valve_0424_lidar_classes.ply,7542,10,0,9,"0,1,2,3,4,5,6,7,8,9",False
valve_0425_lidar_classes.ply,8252,10,0,9,"0,1,2,3,4,5,6,7,8,9",False
valve_0426_lidar_classes.ply,8119,10,0,9,"0,1,2,3,4,5,6,7,8,9",False
valve_0427_lidar_classes.ply,8073,10,0,9,"0,1,2,3,4,5,6,7,8,9",False
valve_0428_lidar_classes.ply,7595,10,0,9,"0,1,2,3,4,5,6,7,8,9",False
valve_0429_lidar_classes.ply,7003,10,0,9,"0,1,2,3,4,5,6,7,8,9",False
valve_0430_lidar_classes.ply,8083,10,0,9,"0,1,2,3,4,5,6,7,8,9",False
valve_0431_lidar_classes.ply,7706,10,0,9,"0,1,2,3,4,5,6,7,8,9",False
valve_0432_lidar_classes.ply,8561,10,0,9,"0,1,2,3,4,5,6,7,8,9",False
valve_0433_lidar_classes.ply,7625,10,0,9,"0,1,2,3,4,5,6,7,8,9",False
valve_0434_lidar_classes.ply,6885,10,0,9,"0,1,2,3,4,5,6,7,8,9",False
valve_0435_lidar_classes.ply,8284,10,0,9,"0,1,2,3,4,5,6,7,8,9",False
valve_0436_lidar_classes.ply,7822,10,0,9,"0,1,2,3,4,5,6,7,8,9",False
valve_0437_lidar_classes.ply,7777,10,0,9,"0,1,2,3,4,5,6,7,8,9",False
valve_0438_lidar_classes.ply,8769,10,0,9,"0,1,2,3,4,5,6,7,8,9",False
valve_0439_lidar_classes.ply,7648,10,0,9,"0,1,2,3,4,5,6,7,8,9",False
valve_0440_lidar_classes.ply,7164,10,0,9,"0,1,2,3,4,5,6,7,8,9",False
valve_0441_lidar_classes.ply,8173,10,0,9,"0,1,2,3,4,5,6,7,8,9",False
valve_0442_lidar_classes.ply,8800,10,0,9,"0,1,2,3,4,5,6,7,8,9",False
valve_0443_lidar_classes.ply,7477,10,0,9,"0,1,2,3,4,5,6,7,8,9",False
valve_0444_lidar_classes.ply,7701,10,0,9,"0,1,2,3,4,5,6,7,8,9",False
valve_0445_lidar_classes.ply,8597,10,0,9,"0,1,2,3,4,5,6,7,8,9",False
valve_0446_lidar_classes.ply,7531,10,0,9,"0,1,2,3,4,5,6,7,8,9",False
valve_0447_lidar_classes.ply,7237,10,0,9,"0,1,2,3,4,5,6,7,8,9",False
valve_0448_lidar_classes.ply,7883,10,0,9,"0,1,2,3,4,5,6,7,8,9",False
valve_0449_lidar_classes.ply,7641,10,0,9,"0,1,2,3,4,5,6,7,8,9",False
valve_0450_lidar_classes.ply,7608,10,0,9,"0,1,2,3,4,5,6,7,8,9",False
valve_0451_lidar_classes.ply,7840,10,0,9,"0,1,2,3,4,5,6,7,8,9",False
valve_0452_lidar_classes.ply,8245,10,0,9,"0,1,2,3,4,5,6,7,8,9",False
valve_0453_lidar_classes.ply,7990,10,0,9,"0,1,2,3,4,5,6,7,8,9",False
valve_0454_lidar_classes.ply,8094,10,0,9,"0,1,2,3,4,5,6,7,8,9",False
valve_0455_lidar_classes.ply,8431,10,0,9,"0,1,2,3,4,5,6,7,8,9",False
valve_0456_lidar_classes.ply,7687,10,0,9,"0,1,2,3,4,5,6,7,8,9",False
valve_0457_lidar_classes.ply,8274,10,0,9,"0,1,2,3,4,5,6,7,8,9",False
valve_0458_lidar_classes.ply,8467,10,0,9,"0,1,2,3,4,5,6,7,8,9",False
valve_0459_lidar_classes.ply,7746,10,0,9,"0,1,2,3,4,5,6,7,8,9",False
valve_0460_lidar_classes.ply,6877,10,0,9,"0,1,2,3,4,5,6,7,8,9",False
valve_0461_lidar_classes.ply,7418,10,0,9,"0,1,2,3,4,5,6,7,8,9",False
valve_0462_lidar_classes.ply,7868,10,0,9,"0,1,2,3,4,5,6,7,8,9",False
valve_0463_lidar_classes.ply,8912,10,0,9,"0,1,2,3,4,5,6,7,8,9",False
valve_0464_lidar_classes.ply,7800,10,0,9,"0,1,2,3,4,5,6,7,8,9",False
valve_0465_lidar_classes.ply,7611,10,0,9,"0,1,2,3,4,5,6,7,8,9",False
valve_0466_lidar_classes.ply,7782,10,0,9,"0,1,2,3,4,5,6,7,8,9",False
valve_0467_lidar_classes.ply,7766,10,0,9,"0,1,2,3,4,5,6,7,8,9",False
valve_0468_lidar_classes.ply,8624,10,0,9,"0,1,2,3,4,5,6,7,8,9",False
valve_0469_lidar_classes.ply,7689,10,0,9,"0,1,2,3,4,5,6,7,8,9",False
valve_0470_lidar_classes.ply,7516,10,0,9,"0,1,2,3,4,5,6,7,8,9",False
valve_0471_lidar_classes.ply,8307,10,0,9,"0,1,2,3,4,5,6,7,8,9",False
valve_0472_lidar_classes.ply,7968,10,0,9,"0,1,2,3,4,5,6,7,8,9",False
valve_0473_lidar_classes.ply,8294,10,0,9,"0,1,2,3,4,5,6,7,8,9",False
valve_0474_lidar_classes.ply,8685,10,0,9,"0,1,2,3,4,5,6,7,8,9",False
valve_0475_lidar_classes.ply,7428,10,0,9,"0,1,2,3,4,5,6,7,8,9",False
valve_0476_lidar_classes.ply,7462,10,0,9,"0,1,2,3,4,5,6,7,8,9",False
valve_0477_lidar_classes.ply,7842,10,0,9,"0,1,2,3,4,5,6,7,8,9",False
valve_0478_lidar_classes.ply,7062,10,0,9,"0,1,2,3,4,5,6,7,8,9",False
valve_0479_lidar_classes.ply,6904,10,0,9,"0,1,2,3,4,5,6,7,8,9",False
valve_0480_lidar_classes.ply,7758,10,0,9,"0,1,2,3,4,5,6,7,8,9",False
valve_0481_lidar_classes.ply,7716,10,0,9,"0,1,2,3,4,5,6,7,8,9",False
valve_0482_lidar_classes.ply,7795,10,0,9,"0,1,2,3,4,5,6,7,8,9",False
valve_0483_lidar_classes.ply,7005,10,0,9,"0,1,2,3,4,5,6,7,8,9",False
valve_0484_lidar_classes.ply,8720,10,0,9,"0,1,2,3,4,5,6,7,8,9",False
valve_0485_lidar_classes.ply,7990,10,0,9,"0,1,2,3,4,5,6,7,8,9",False
valve_0486_lidar_classes.ply,7213,10,0,9,"0,1,2,3,4,5,6,7,8,9",False
valve_0487_lidar_classes.ply,8558,10,0,9,"0,1,2,3,4,5,6,7,8,9",False
valve_0488_lidar_classes.ply,7158,10,0,9,"0,1,2,3,4,5,6,7,8,9",False
valve_0489_lidar_classes.ply,7583,10,0,9,"0,1,2,3,4,5,6,7,8,9",False
valve_0490_lidar_classes.ply,8880,10,0,9,"0,1,2,3,4,5,6,7,8,9",False
valve_0491_lidar_classes.ply,8395,10,0,9,"0,1,2,3,4,5,6,7,8,9",False
valve_0492_lidar_classes.ply,6979,10,0,9,"0,1,2,3,4,5,6,7,8,9",False
valve_0493_lidar_classes.ply,7330,10,0,9,"0,1,2,3,4,5,6,7,8,9",False
valve_0494_lidar_classes.ply,6805,10,0,9,"0,1,2,3,4,5,6,7,8,9",False
valve_0495_lidar_classes.ply,8442,10,0,9,"0,1,2,3,4,5,6,7,8,9",False
valve_0496_lidar_classes.ply,7469,10,0,9,"0,1,2,3,4,5,6,7,8,9",False
valve_0497_lidar_classes.ply,7596,10,0,9,"0,1,2,3,4,5,6,7,8,9",False
valve_0498_lidar_classes.ply,8006,10,0,9,"0,1,2,3,4,5,6,7,8,9",False
valve_0499_lidar_classes.ply,7524,10,0,9,"0,1,2,3,4,5,6,7,8,9",False
valve_0500_lidar_classes.ply,6775,10,0,9,"0,1,2,3,4,5,6,7,8,9",False
