file,label,geometry_type,method,status,error,pc_to_mesh_mean,pc_to_mesh_rmse,pc_to_mesh_p95,mesh_to_pc_mean,chamfer_mean,mesh_components,largest_mesh_component_ratio,mean_adjacent_face_angle,smoothness_score,n_vertices,n_triangles,bad_triangle_ratio,mean_aspect_ratio,artifact_score,rmse_normalized,accuracy_score,connectivity_score,global_quality_score
valve_0001_lidar_classes.ply,0,spherical,alpha_shape,ok,,0.016932708342169648,0.022451939706976027,0.04697869723926099,0.006173631009731103,0.02310633935190075,109,0.23558282208588957,1.3784318527361967,0.42044509236183475,573,815,0.012269938650306749,2.293217969734015,0.9877300613496932,0.041858350087845234,0.9598233770605035,0.009174311926605505,0.5942932106746592
valve_0001_lidar_classes.ply,0,spherical,ball_pivoting,ok,,0.007160664666342107,0.00816012948257666,0.014307178434606074,0.005914458358276499,0.013075123024618607,1,1.0,0.06641873845993024,0.9377179563106244,1169,2238,0.0035746201966041107,1.8126855872832557,0.9964253798033958,0.015213365130216892,0.9850146130333247,1.0,0.9797894872868362
valve_0001_lidar_classes.ply,0,spherical,poisson,ok,,0.00754193917907636,0.008644965313351701,0.014965364589053997,0.007551381543388392,0.015093320722464752,1,1.0,0.04483420472976323,0.9570896468293176,2270,4319,0.03750868256540866,3.7084805078150387,0.9624913174345914,0.016117270458869067,0.9841383756310031,1.0,0.9759298349737281
valve_0001_lidar_classes.ply,1,spherical,alpha_shape,ok,,0.016460845497961812,0.02196953753559014,0.04682740861977482,0.007539384756054517,0.02400023025401633,109,0.12351543942992874,1.3907456826694726,0.4182795381579082,580,842,0.0035629453681710215,2.10006843346773,0.996437054631829,0.04286046653250358,0.9589010534889542,0.009174311926605505,0.5956979895513241
valve_0001_lidar_classes.ply,1,spherical,ball_pivoting,ok,,0.007600637367377708,0.008546360043779991,0.014288269540340355,0.00678786332714962,0.014388500694527327,1,1.0,0.08336417328145711,0.9230506459993493,1078,2069,0.0038666022232962784,1.8723901685930289,0.9961333977767037,0.016673131058756202,0.9836003032347349,1.0,0.9756960867526969
valve_0001_lidar_classes.ply,1,spherical,poisson,ok,,0.007974664066868638,0.009466254514496833,0.016139640278645163,0.007070428727117731,0.01504509279398637,1,1.0,0.05281579995695998,0.9498337696308137,2573,4938,0.05002025111381126,4.25286172843167,0.9499797488861887,0.01846775719104157,0.981867116498635,1.0,0.9704201587539094
valve_0001_lidar_classes.ply,2,complex,alpha_shape,ok,,0.007868558071433239,0.010839089897499096,0.022222368601034683,0.007112576256987667,0.014981134328420905,27,0.7062750333778371,0.6025531117949913,0.6240042795710637,418,749,0.0053404539385847796,1.8994778223427675,0.9946595460614153,0.02634585782858618,0.9743304290384867,0.037037037037037035,0.6575078229270007
valve_0001_lidar_classes.ply,2,complex,ball_pivoting,ok,,0.0059249426451414315,0.006942093876554039,0.012782252376509885,0.006522586146751153,0.012447528791892586,1,1.0,0.13170575984949037,0.8836219055145514,478,746,0.014745308310991957,2.1826515318564317,0.985254691689008,0.01687368773891163,0.9834063090211022,1.0,0.9630707265561654
valve_0001_lidar_classes.ply,2,complex,poisson,ok,,0.006204231574047034,0.006922933928715058,0.011674089249529172,0.008225394515580419,0.014429626089627452,1,1.0,0.1205755971053406,0.892398516069054,1582,2929,0.05769887333560942,22.240926941606038,0.9423011266643906,0.016827116922861346,0.9834513491597433,1.0,0.9545377479732969
valve_0001_lidar_classes.ply,3,complex,alpha_shape,ok,,0.027473859700424784,0.04548886018413295,0.10930681212358784,0.006472113552306798,0.03394597325273158,33,0.12269938650306748,1.5990956464115327,0.38474921128072376,126,163,0.0,1.7606541409454963,1.0,0.12030054670463695,0.892617613140955,0.030303030303030304,0.5769174636811772
valve_0001_lidar_classes.ply,3,complex,ball_pivoting,ok,,0.004201730954648607,0.004815831249385136,0.008780980726237985,0.006239025009981475,0.010440755964630082,1,1.0,0.0708627372446501,0.9338264982242436,284,505,0.0,1.6127763279324834,1.0,0.012736022177587772,0.9874241442007733,1.0,0.9803126606062542
valve_0001_lidar_classes.ply,3,complex,poisson,ok,,0.004345969585344386,0.004920187133984012,0.008730346182938057,0.007778145450934261,0.012124115036278646,1,1.0,0.05075577463556766,0.9516959355724968,1341,2460,0.046747967479674794,3.260471027149075,0.9532520325203252,0.013012003372066453,0.9871551340667705,1.0,0.9730257755398981
valve_0001_lidar_classes.ply,4,complex,alpha_shape,ok,,0.005096974542797671,0.008816543864059296,0.02382892705651916,0.008226165742183551,0.013323140284981223,9,0.23404255319148937,1.757016902865803,0.3627108702019716,36,47,0.0,2.1141520737560446,1.0,0.05839269455924581,0.9448288949277349,0.1111111111111111,0.6046627190602044
valve_0001_lidar_classes.ply,4,complex,ball_pivoting,ok,,0.004644754544624079,0.009153927677751111,0.022802445151772984,0.013081867459701883,0.01772662200432596,2,0.9692307692307692,0.31561327005667433,0.7601017888462935,44,65,0.0,1.90441860336906,1.0,0.06062721528368182,0.9428383371555613,0.5,0.8007350315004638
valve_0001_lidar_classes.ply,4,complex,poisson,ok,,0.0022508265624350456,0.004115358107441084,0.007577133893968124,0.008584592966553447,0.010835419528988493,16,0.946908836884387,0.18532362122198934,0.8436514569490035,1558,2863,0.03737338456164862,4.70452954488879,0.9626266154383514,0.027256354947581638,0.9734668422187833,0.0625,0.7105612286515346
valve_0001_lidar_classes.ply,5,complex,alpha_shape,ok,,0.00304556335071524,0.0035270846747691973,0.006108921406181401,0.011752408889945453,0.014797972240660692,1,1.0,0.6543126341668272,0.6044806642630985,61,118,0.0,2.1139212526753917,1.0,0.01859420633178806,0.9817452266896839,1.0,0.8965564727381956
valve_0001_lidar_classes.ply,5,complex,ball_pivoting,ok,,0.004645152357740774,0.007454087901753598,0.01631647507874256,0.008792531035231314,0.013437683392972088,2,0.7014925373134329,0.562027966003229,0.6401934035526307,64,67,0.0,1.7992751820407522,1.0,0.039296717045660755,0.9621891261646943,0.5,0.7755956324293313
valve_0001_lidar_classes.ply,5,complex,poisson,ok,,0.0033970507514709545,0.005529240541092139,0.012425050562342752,0.009753527252520964,0.013150578003991917,31,0.9069069069069069,0.2828961428998264,0.7794863251670746,1493,2664,0.07169669669669669,5.915040293738203,0.9283033033033034,0.029149240508631234,0.9716763717434946,0.03225806451612903,0.6779310161825004
valve_0001_lidar_classes.ply,6,complex,alpha_shape,ok,,0.007081536940589767,0.008963462710171705,0.019288426793942076,0.007441348711564136,0.014522885652153903,4,0.9883720930232558,0.627297784099383,0.6145156773217406,438,860,0.010465116279069767,2.0523763440666882,0.9895348837209302,0.013124023741895334,0.9870459850577595,0.25,0.7102741365251076
valve_0001_lidar_classes.ply,6,complex,ball_pivoting,ok,,0.005943447094655862,0.007361562907124874,0.012810026153271162,0.006487574506096959,0.012431021600752821,1,1.0,0.17728796382541498,0.8494098561499387,486,856,0.009345794392523364,1.896526954153318,0.9906542056074766,0.010778571796915765,0.9893363669376626,1.0,0.9573501071737694
valve_0001_lidar_classes.ply,6,complex,poisson,ok,,0.00896094600023575,0.010283000599017194,0.018733394454356816,0.04419954401897613,0.05316049001921187,1,1.0,0.13005914521350737,0.8849094352588646,2050,3957,0.060399292393227194,4.944685114664178,0.9396007076067728,0.015056050140787655,0.9851672721533954,1.0,0.9524193537547582
valve_0001_lidar_classes.ply,7,complex,alpha_shape,ok,,0.006197099791670701,0.006992658226235883,0.012079323086256394,0.0070307441759672375,0.013227843967637938,7,0.9821664464993395,0.3604414603073496,0.7350555162984235,761,1514,0.004623513870541612,1.8549883544359689,0.9953764861294584,0.01240528005333247,0.9877467252514931,0.14285714285714285,0.7152589676341294
valve_0001_lidar_classes.ply,7,complex,ball_pivoting,ok,,0.0059396250724215805,0.007051600806266088,0.011621940167467327,0.005750796386395781,0.011690421458817362,5,0.9409620991253644,0.1848738899772574,0.8439716736598813,788,1372,0.0036443148688046646,1.7313177809881524,0.9963556851311953,0.012509846755820123,0.9876447159542171,0.2,0.7569930186863234
valve_0001_lidar_classes.ply,7,complex,poisson,ok,,0.008582377479535505,0.012265724677748136,0.03546473152640547,0.008622063991283941,0.017204441470819447,2,0.9775877322323798,0.16057028979838106,0.86164535555509,1762,3391,0.03715718077263344,6.686917924506674,0.9628428192273666,0.021759929451956598,0.9787034812926868,0.5,0.8257979140187859
valve_0001_lidar_classes.ply,8,complex,alpha_shape,ok,,0.0020715529805337787,0.0023006506088286763,0.003981673625876673,0.007523376600425209,0.009594929580958988,2,0.9864864864864865,0.7475777170029269,0.5722206172982035,39,74,0.0,2.055180444605662,1.0,0.020904225605509835,0.979523813222429,0.5,0.7629361076301582
valve_0001_lidar_classes.ply,8,complex,ball_pivoting,ok,,0.0017842330463525918,0.0022773802447438114,0.003887180251647421,0.006268386896376875,0.008052619942729468,1,1.0,0.397115734068383,0.7157603164971973,39,64,0.0,2.1431609879866373,1.0,0.020692785876728056,0.979726724668722,1.0,0.9238717602914799
valve_0001_lidar_classes.ply,8,complex,poisson,ok,,0.0018160260448368127,0.002349453209808041,0.0035490979056338494,0.007055726393491952,0.008871752438328764,13,0.9618249534450651,0.1482924825552333,0.8708582658093816,1717,3222,0.05648665425201738,10.146814548087784,0.9435133457479826,0.021347656944928958,0.9790985402475154,0.07692307692307693,0.7175983071819891
valve_0001_lidar_classes.ply,9,spherical,alpha_shape,ok,,0.015092041596311693,0.021994816451648073,0.05112006764267087,0.006472210003595174,0.021564251599906867,331,0.11397058823529412,1.3851533686233497,0.41926025099894304,1644,2448,0.0028594771241830064,1.8950399033362286,0.997140522875817,0.03031236315152194,0.9705794434429552,0.0030211480362537764,0.5975003413384923
valve_0001_lidar_classes.ply,9,spherical,ball_pivoting,ok,,0.007408311587864292,0.008383651157619574,0.014434774235721202,0.006278181463881504,0.013686493051745796,1,1.0,0.07500497052797322,0.9302282569994671,2642,5147,0.003497182824946571,1.787183657307513,0.9965028171750534,0.011554007690134644,0.9885779626176184,1.0,0.9788272591980347
valve_0001_lidar_classes.ply,9,spherical,poisson,ok,,0.007777332221337269,0.008774509581230378,0.015077187506211204,0.008043290240632387,0.015820622461969656,1,1.0,0.05381362795105455,0.9489343973889527,5680,11206,0.05381045868284847,4.636497937098258,0.9461895413171515,0.012092672902611755,0.9880518126191637,1.0,0.970793937831317
valve_0002_lidar_classes.ply,0,spherical,alpha_shape,ok,,0.012441540367071829,0.016288456753698326,0.03537996585548346,0.0063945247439439875,0.018836065111015817,187,0.04569055036344756,1.508268029801943,0.3986814758704083,690,963,0.0010384215991692627,1.8102263466796977,0.9989615784008308,0.030016399781040967,0.9708583282873731,0.0053475935828877,0.593462244035375
valve_0002_lidar_classes.ply,0,spherical,ball_pivoting,ok,,0.007763915896670282,0.00880812969570877,0.015514410484242687,0.006376720957824427,0.01414063685449471,1,1.0,0.07324141955836773,0.9317568086512109,1044,1999,0.0010005002501250625,1.7753862034347774,0.9989994997498749,0.01623163853196978,0.9840276193768009,1.0,0.9786959819444716
valve_0002_lidar_classes.ply,0,spherical,poisson,ok,,0.007954316926963606,0.008921730441289778,0.015315969159206544,0.007282788265787616,0.015237105192751222,1,1.0,0.04889364008239132,0.9533855119203977,2593,4973,0.06012467323547155,7.107737513988145,0.9398753267645285,0.016440982206840003,0.9838249514781032,1.0,0.9692714475407573
valve_0002_lidar_classes.ply,1,spherical,alpha_shape,ok,,0.01773226374641305,0.024098270626694576,0.052346932184845305,0.007618797443026038,0.02535106118943909,89,0.10018552875695733,1.520667303623183,0.3967203440781771,405,539,0.0037105751391465678,1.969171028849978,0.9962894248608535,0.04433123092729087,0.9575506030898568,0.011235955056179775,0.5904490817712668
valve_0002_lidar_classes.ply,1,spherical,ball_pivoting,ok,,0.00765626453770316,0.008803838716388106,0.015662108306476543,0.0072057659967098035,0.014862030534412964,1,1.0,0.06244728880589969,0.941223165173601,832,1577,0.0,1.7583436273661694,1.0,0.016195560803043334,0.9840625550555989,1.0,0.9813214300573
valve_0002_lidar_classes.ply,1,spherical,poisson,ok,,0.007950993205531557,0.00896311819515495,0.015123596895976503,0.010264994083720395,0.01821598728925195,1,1.0,0.04891370064191076,0.9533672783452284,2527,4822,0.0891746163417669,7.4910850766117605,0.9108253836582331,0.016488571677747747,0.9837788912367871,1.0,0.9619928883100621
valve_0002_lidar_classes.ply,2,plane,alpha_shape,ok,,0.00964598912950789,0.013058813993061932,0.028123002491779323,0.007456412143493478,0.017102401273001368,28,0.6652806652806653,0.8042176393927708,0.554256858023271,288,481,0.014553014553014554,1.9840972970195252,0.9854469854469854,0.03164269165937155,0.9693278574886475,0.03571428571428571,0.6361864966682974
valve_0002_lidar_classes.ply,2,plane,ball_pivoting,ok,,0.005779025960325667,0.006698195336178001,0.012061067307121866,0.00771090655614419,0.013489932516469856,1,1.0,0.11501318207744876,0.8968503835415106,396,610,0.011475409836065573,1.9849200904710467,0.9885245901639345,0.016230335297640983,0.9840288813137159,1.0,0.9673509637547902
valve_0002_lidar_classes.ply,2,plane,poisson,ok,,0.005881324318643322,0.006542192588180364,0.011149942528965265,0.008622539942830463,0.014503864261473785,1,1.0,0.13117826223098253,0.8840339612146857,1353,2457,0.05046805046805047,5.0023373630087615,0.9495319495319495,0.01585232647880594,0.9843950483100689,1.0,0.954490239764176
valve_0002_lidar_classes.ply,3,complex,alpha_shape,ok,,0.007716276538475178,0.009301783901633843,0.018224203536138073,0.006596621742487679,0.014312898280962858,24,0.8445678033306899,0.4917605989234203,0.6703488486836855,661,1261,0.0015860428231562252,1.843625096555132,0.9984139571768438,0.021113435155774945,0.9793231247098869,0.041666666666666664,0.6724381493092708
valve_0002_lidar_classes.ply,3,complex,ball_pivoting,ok,,0.007075727387790663,0.008140910839318411,0.013853652237810427,0.006448748674665492,0.013524476062456155,1,1.0,0.13330097853757997,0.8823781316154932,727,1090,0.0009174311926605505,1.8026382292708505,0.9990825688073395,0.018478454770885805,0.9818568034656731,1.0,0.9658293759721264
valve_0002_lidar_classes.ply,3,complex,poisson,ok,,0.007574260838894702,0.008782915051836917,0.014984950679502522,0.006405578803259566,0.013979839642154268,1,1.0,0.14907268126741482,0.8702669694461892,1402,2588,0.05100463678516229,4.275673304818609,0.9489953632148377,0.019935692915104886,0.9804539707222852,1.0,0.9499290758458281
valve_0002_lidar_classes.ply,4,plane,alpha_shape,ok,,0.007137822459435903,0.011372515570080274,0.02486196279651604,0.00957582974122094,0.01671365220065684,5,0.3953488372093023,1.680224531537588,0.37310306962466355,32,43,0.0,1.8793648344574458,1.0,0.06640836112140507,0.9377270813484885,0.2,0.6277075377432879
valve_0002_lidar_classes.ply,4,plane,ball_pivoting,ok,,0.0038154914298789934,0.004945935222277333,0.007442390709594662,0.016700577128608677,0.02051606855848767,1,1.0,0.3481415975438729,0.7417618459528742,44,74,0.0,1.9540221348041884,1.0,0.028881160926979635,0.9719295463618374,1.0,0.9284228480786779
valve_0002_lidar_classes.ply,4,plane,poisson,ok,,0.002974593422594136,0.005416223575887952,0.011051505281038381,0.008965990828691624,0.01194058425128576,5,0.9890923256719907,0.1640315621241522,0.8590832349727497,1406,2567,0.04791585508375536,5.7058852102566755,0.9520841449162446,0.0316273500726714,0.969342272604111,0.2,0.7451274131232763
valve_0002_lidar_classes.ply,5,complex,alpha_shape,ok,,0.0044814983449606195,0.005176611181140756,0.008392282214806611,0.010989016036151801,0.01547051438111242,1,1.0,0.7555662851223932,0.5696167717929732,84,170,0.0,1.8868812633718046,1.0,0.022652934646249505,0.9778488538204945,1.0,0.8868664064033669
valve_0002_lidar_classes.ply,5,complex,ball_pivoting,ok,,0.004416420635784993,0.005956851661083848,0.0138199236390345,0.012005057780096305,0.016421478415881298,1,1.0,0.5755812042191973,0.6346864238556114,90,123,0.0,1.7677156604721267,1.0,0.026067279665033447,0.9745949606018591,1.0,0.9023203461143676
valve_0002_lidar_classes.ply,5,complex,poisson,ok,,0.004796460611059782,0.00608917774469211,0.013947279481300031,0.011844306067618994,0.016640766678678778,29,0.9285285285285285,0.27627397290920813,0.7835308258465428,1810,3330,0.05795795795795796,6.505255733952661,0.942042042042042,0.026646340757141885,0.9740452581387565,0.034482758620689655,0.6835252211620078
valve_0002_lidar_classes.ply,6,tubular,alpha_shape,ok,,0.0071424827305918755,0.008139195994662554,0.014127863045869592,0.007786954018647627,0.014929436749239503,3,0.996078431372549,0.40055419565624106,0.7140030732844592,632,1275,0.00784313725490196,2.2152887224035407,0.9921568627450981,0.011992162365175075,0.9881499454134629,0.3333333333333333,0.7569108036940884
valve_0002_lidar_classes.ply,6,tubular,ball_pivoting,ok,,0.008385936379655082,0.01062844422167451,0.02376768555762285,0.007297014135875241,0.01568295051553032,17,0.9732142857142857,0.18042055459334463,0.8471556989656965,640,896,0.0033482142857142855,1.9437177702588595,0.9966517857142857,0.015659781246097376,0.9845816664839434,0.058823529411764705,0.7218031701439226
valve_0002_lidar_classes.ply,6,tubular,poisson,ok,,0.009614230737031926,0.011380082820259171,0.024024994794166237,0.009822089349308555,0.019436320086340483,12,0.9790960451977401,0.24959010349213967,0.8002624198170039,1881,3540,0.06299435028248587,5.137503037438253,0.9370056497175141,0.01676723364312417,0.9835092702751186,0.08333333333333333,0.7010276682857424
valve_0002_lidar_classes.ply,7,complex,alpha_shape,ok,,0.0064938580572802785,0.007313187198833658,0.01299091329131251,0.00963542915430589,0.016129287211586168,1,1.0,0.22568432327172633,0.8158707597162491,437,874,0.002288329519450801,2.0284813192341717,0.9977116704805492,0.014502893669547942,0.9857044334126148,1.0,0.9498217159023532
valve_0002_lidar_classes.ply,7,complex,ball_pivoting,ok,,0.007459074551966527,0.009169108802361872,0.017205204934712608,0.008583183125872884,0.01604225767783941,5,0.9339774557165862,0.21549821779969214,0.8227079113371393,440,621,0.008051529790660225,2.2685449648919707,0.9919484702093397,0.018183400258970313,0.9821413310663428,0.2,0.7491994281532055
valve_0002_lidar_classes.ply,7,complex,poisson,ok,,0.010212544853174296,0.013409636265481875,0.03166354936565589,0.009380027063760395,0.01959257191693469,1,1.0,0.21131555554021528,0.8255487147228336,835,1520,0.05131578947368421,5.315661010201311,0.9486842105263158,0.026592855292506934,0.9740960058747634,1.0,0.9370822327809782
valve_0002_lidar_classes.ply,8,plane,alpha_shape,ok,,0.001899733571398413,0.0021930695484061024,0.00377084588732483,0.0068412014031621615,0.008740934974560575,1,1.0,0.7099055176502073,0.5848276350229127,48,97,0.0,1.8846268781024167,1.0,0.01707599760941289,0.9832106964970669,1.0,0.8920095828799949
valve_0002_lidar_classes.ply,8,plane,ball_pivoting,ok,,0.0018695592765582368,0.0021590743540527133,0.0036815826112525977,0.006008310949525031,0.007877870226083267,1,1.0,0.461788853201736,0.6840933270285334,48,80,0.0,1.978444254362259,1.0,0.01681129927463737,0.9834666478562639,1.0,0.9168899937211994
valve_0002_lidar_classes.ply,8,plane,poisson,ok,,0.0016049352885898933,0.002001115382671727,0.0038016156141057007,0.0068277083979112535,0.008432643686501148,9,0.9746192893401016,0.2099156718140462,0.8265038822917995,1466,2758,0.046410442349528645,33.51407427104176,0.9535895576504714,0.015581376119830258,0.9846576783641297,0.1111111111111111,0.7189655573543778
valve_0002_lidar_classes.ply,9,spherical,alpha_shape,ok,,0.020587053806237612,0.02863680392358629,0.06372540196134986,0.007033107718892262,0.027620161525129874,243,0.12794612794612795,1.4565874960896377,0.40706874947128335,1283,1782,0.006734006734006734,2.0713799787269007,0.9932659932659933,0.035166203450443655,0.9660284470906926,0.00411522633744856,0.5926196040413545
valve_0002_lidar_classes.ply,9,spherical,ball_pivoting,ok,,0.008298862894769365,0.009405160652467156,0.01663093921128275,0.007205195730237557,0.015504058625006922,1,1.0,0.06328647568359153,0.9404803153892234,2706,5291,0.005292005292005292,1.900085420282617,0.9947079947079948,0.011549605670776515,0.988582264669939,1.0,0.9809426436917893
valve_0002_lidar_classes.ply,9,spherical,poisson,ok,,0.008434776460870819,0.009497985582674319,0.016181761508963045,0.009204212854434258,0.017638989315305074,1,1.0,0.046695439072139404,0.9553877495505919,5387,10595,0.09495044832468146,12.146541177790631,0.9050495516753185,0.011663595360046613,0.9884708756808674,1.0,0.9622270442266945
valve_0003_lidar_classes.ply,0,spherical,alpha_shape,ok,,0.012982266835997484,0.017216010760244732,0.03641649109704121,0.006859727528195934,0.01984199436419342,155,0.11315280464216634,1.4159096271690679,0.41392276795212213,704,1034,0.007736943907156673,2.0037682468512554,0.9922630560928434,0.032230669773000646,0.9687757100066708,0.0064516129032258064,0.5953532867387155
valve_0003_lidar_classes.ply,0,spherical,ball_pivoting,ok,,0.007934019992603404,0.00902396535506397,0.01564070235456256,0.006608649895474811,0.014542669888078216,1,1.0,0.0855042252066034,0.9212308683641195,1044,1985,0.007052896725440806,1.9076720814733203,0.9929471032745592,0.016894067473150837,0.9833866004203069,1.0,0.9743911430147464
valve_0003_lidar_classes.ply,0,spherical,poisson,ok,,0.008377007516345904,0.009439921566689456,0.01673624334166897,0.0081531553696493,0.016530162885995202,1,1.0,0.059234458142256724,0.944078048361318,2653,5113,0.035791120672794836,3.1450043036632547,0.9642088793272051,0.01767279301437133,0.9826341107518222,1.0,0.9727302596100863
valve_0003_lidar_classes.ply,1,spherical,alpha_shape,ok,,0.018379247012098296,0.025957808883834196,0.0599477550759399,0.006857855868969425,0.02523710288106772,77,0.15932914046121593,1.5291692443591582,0.3953867469447978,345,477,0.008385744234800839,2.061941712482851,0.9916142557651991,0.04890030088588946,0.9533794576619067,0.012987012987012988,0.5883418683397291
valve_0003_lidar_classes.ply,1,spherical,ball_pivoting,ok,,0.006768616874100469,0.007664864178537731,0.013035378499982193,0.007026084824005346,0.013794701698105816,1,1.0,0.0784126631891755,0.9272888145088293,725,1357,0.0036845983787767134,1.8277004533097152,0.9963154016212233,0.014439360666276992,0.9857661667851756,1.0,0.9773425957288071
valve_0003_lidar_classes.ply,1,spherical,poisson,ok,,0.007608035719881411,0.008635579288902032,0.015021928787061106,0.009672399541528433,0.017280435261409845,1,1.0,0.05121865186225397,0.9512768806265764,2160,4070,0.07174447174447174,7.100709111817905,0.9282555282555283,0.016268030458235265,0.9839923819596097,1.0,0.9658811977104286
valve_0003_lidar_classes.ply,2,complex,alpha_shape,ok,,0.008552307474367565,0.011616935813269018,0.02670215227277578,0.007174094154267815,0.01572640162863538,19,0.6298507462686567,0.6334507754026869,0.6122008786909877,374,670,0.004477611940298508,1.8288088215863412,0.9955223880597015,0.026572636023428492,0.9741151915695306,0.05263157894736842,0.6586175093168971
valve_0003_lidar_classes.ply,2,complex,ball_pivoting,ok,,0.006434536828200193,0.0074440547622767325,0.013086250056170704,0.0071193215964801895,0.013553858424680383,1,1.0,0.17353317447538125,0.852127593620898,456,695,0.0028776978417266188,1.7746772641989514,0.9971223021582734,0.017027567416745992,0.9832575163522892,1.0,0.958126853032865
valve_0003_lidar_classes.ply,2,complex,poisson,ok,,0.006455842894182707,0.007236950080082895,0.011952256384319498,0.008512891423255677,0.014968734317438384,1,1.0,0.13392762662944754,0.8818904985783423,1245,2275,0.05758241758241758,5.337449380647085,0.9424175824175824,0.01655383514972264,0.9837157319392882,1.0,0.9520059532338032
valve_0003_lidar_classes.ply,3,plane,alpha_shape,ok,,0.009010159348187982,0.012090145016599725,0.027598410271751375,0.006301151496776672,0.015311310844964655,22,0.9173764906303237,0.459367709683474,0.6852282624623046,620,1174,0.0034071550255536627,1.8257998538179399,0.9965928449744463,0.02745525090253454,0.9732783974013298,0.045454545454545456,0.6751385125731566
valve_0003_lidar_classes.ply,3,plane,ball_pivoting,ok,,0.007080208472129728,0.0082286931637555,0.013911937356554376,0.005840874690437833,0.01292108316256756,1,1.0,0.11665710531781663,0.8955300559480035,736,1058,0.003780718336483932,1.856384766658758,0.996219281663516,0.01868636274425902,0.9816564121915606,1.0,0.96835143745077
valve_0003_lidar_classes.ply,3,plane,poisson,ok,,0.006750545616149366,0.007390155987832754,0.012018561275317021,0.006578035723114068,0.013328581339263434,1,1.0,0.13188030669743625,0.8834856425038152,1593,2962,0.07528696826468602,9.828650111767905,0.9247130317353139,0.01678214666376931,0.9834948452637232,1.0,0.9479233798757131
valve_0003_lidar_classes.ply,4,complex,alpha_shape,ok,,0.005889510553782102,0.00972174853354192,0.02097181217781888,0.007411709249054529,0.01330121980283663,7,0.4153846153846154,1.6490101724262458,0.37749949411636025,47,65,0.0,1.9962598379094556,1.0,0.056088094851880266,0.9468907043595195,0.14285714285714285,0.6168118353332557
valve_0003_lidar_classes.ply,4,complex,ball_pivoting,ok,,0.0027535520687567926,0.003107478518924575,0.004948084141149493,0.013253612272993296,0.016007164341750087,1,1.0,0.28008834706328894,0.7811960809534336,60,105,0.0,1.8818109100480271,1.0,0.01792810720399513,0.9823876489143821,1.0,0.9408959324669539
valve_0003_lidar_classes.ply,4,complex,poisson,ok,,0.002238409390310228,0.0025706165090809696,0.004366749406584769,0.008819956011321626,0.011058365401631853,1,1.0,0.13156178149691208,0.8837343363409883,2114,3959,0.05102298560242485,4.002922526799195,0.9489770143975751,0.014830766511979855,0.9853859707437194,1.0,0.9545243303705706
valve_0003_lidar_classes.ply,5,complex,alpha_shape,ok,,0.003412537980094723,0.0038129820173506373,0.0065378122801133635,0.010258907557640242,0.013671445537734965,1,1.0,0.790889909967089,0.5583816148801558,81,158,0.0,1.9529030308419784,1.0,0.017016707417808516,0.9832680158608076,1.0,0.8854124076852409
valve_0003_lidar_classes.ply,5,complex,ball_pivoting,ok,,0.003634568957074473,0.004673499120370642,0.007411664395118363,0.01005107534306031,0.013685644300134784,1,1.0,0.556208154780214,0.642587559336644,82,116,0.0,1.75137912552899,1.0,0.020857052770469283,0.9795690760877187,1.0,0.9055391588560907
valve_0003_lidar_classes.ply,5,complex,poisson,ok,,0.00446051152509008,0.0058953845318040635,0.013851126824181013,0.011382213224293308,0.015842724749383388,25,0.9386270167668459,0.2474520368636278,0.8016340271600524,1712,3161,0.06295476115153432,6.149566295291225,0.9370452388484657,0.02631012505086212,0.9743643520523991,0.04,0.6882609045152294
valve_0003_lidar_classes.ply,6,tubular,alpha_shape,ok,,0.006966621070237296,0.008119367872660542,0.01450686294271762,0.0068088933539078855,0.013775514424145182,1,1.0,0.3316419508302166,0.7509526110802882,719,1439,0.002779708130646282,1.9520608445656138,0.9972202918693537,0.010864898377948864,0.9892518788659267,1.0,0.9343561954538921
valve_0003_lidar_classes.ply,6,tubular,ball_pivoting,ok,,0.009061062958597765,0.011062656928944776,0.022624219666507815,0.007506882108830229,0.016567945067427994,34,0.8900979325353645,0.1763883044582421,0.8500594541872178,728,919,0.0,1.810106139570638,1.0,0.01480344839748118,0.9854124969511505,0.029411764705882353,0.7162209289610626
valve_0003_lidar_classes.ply,6,tubular,poisson,ok,,0.012434067160367775,0.013780490784090172,0.02299713899903283,0.05078263330035327,0.06321670046072105,27,0.9639740018570102,0.29566045805909985,0.7718071457532946,2818,5385,0.053110492107706596,4.682756045924772,0.9468895078922934,0.01844030647651138,0.9818935814310914,0.037037037037037035,0.6844068180284291
valve_0003_lidar_classes.ply,7,complex,alpha_shape,ok,,0.006296592189318703,0.007144901365159223,0.012239598468073548,0.00692790441380552,0.013224496603124223,1,1.0,0.20604193229014015,0.8291585667349979,619,1234,0.006482982171799027,1.9495488886200019,0.993517017828201,0.012551932672174398,0.9876036652865309,1.0,0.9525698124624324
valve_0003_lidar_classes.ply,7,complex,ball_pivoting,ok,,0.006366902844461562,0.007226244125728412,0.0125576848909096,0.006916751593348652,0.013283654437810214,2,0.7803571428571429,0.17904076334135755,0.8481470964295054,624,1120,0.00625,1.9256242209536525,0.99375,0.012694833014929584,0.9874643055330544,0.5,0.8323403504906399
valve_0003_lidar_classes.ply,7,complex,poisson,ok,,0.01074660489392467,0.014055255719253082,0.034202166934136774,0.008569491464592996,0.019316096358517665,3,0.9879518072289156,0.2353033371506179,0.8095177677627144,1071,1992,0.06325301204819277,8.762758801148816,0.9367469879518072,0.024691820707076664,0.9759031738049412,0.3333333333333333,0.7638753157131991
valve_0003_lidar_classes.ply,8,plane,alpha_shape,ok,,0.001785646211023649,0.001995353115188076,0.0030402336288185743,0.006718650255921631,0.008504296466945279,1,1.0,0.829099726113397,0.5467170464919767,46,95,0.010526315789473684,1.9499409098426992,0.9894736842105263,0.016309811475648927,0.9839519295282925,1.0,0.8800356650576989
valve_0003_lidar_classes.ply,8,plane,ball_pivoting,ok,,0.0017597734749342179,0.002006670776068015,0.0033540802376743274,0.006197344606466607,0.007957118081400826,1,1.0,0.37977152738812137,0.7247576719407879,46,78,0.01282051282051282,2.0629178814123983,0.9871794871794872,0.01640232087355554,0.9838623736519428,1.0,0.9239498831930545
valve_0003_lidar_classes.ply,8,plane,poisson,ok,,0.0016097497558085535,0.0020427187450639036,0.004898568089648041,0.006910289170955536,0.00852003892676409,20,0.9449332029977191,0.1833332754801387,0.8450704638507263,1647,3069,0.051156728576083416,6.387872561524922,0.9488432714239166,0.016696973270631413,0.9835772371615127,0.05,0.7068727431090389
valve_0003_lidar_classes.ply,9,spherical,alpha_shape,ok,,0.01744631736305416,0.02407808254009645,0.051075871985594316,0.007041751059996537,0.024488068423050697,290,0.04844467108618052,1.5154753237689742,0.3975391809853595,1402,1961,0.010198878123406425,2.116170176676199,0.9898011218765935,0.029406929304181168,0.9714331344903044,0.0034482758620689655,0.5905554283035815
valve_0003_lidar_classes.ply,9,spherical,ball_pivoting,ok,,0.008009788919564623,0.00910162465631759,0.01566809178518149,0.006861344770050354,0.014871133689614978,1,1.0,0.06421155564749706,0.9396627904416721,2725,5312,0.00809487951807229,1.954884049612398,0.9919051204819277,0.011115952957458855,0.9890062530168322,1.0,0.980143540985108
valve_0003_lidar_classes.ply,9,spherical,poisson,ok,,0.00854162351312711,0.009656824249014966,0.01657146993561974,0.010282991570459714,0.018824615083586824,1,1.0,0.04712031685827548,0.9550000930173403,7274,14369,0.07272600737699214,6.137705634271257,0.9272739926230078,0.0117940266846742,0.9883434509656878,1.0,0.967654384151509
valve_0004_lidar_classes.ply,0,spherical,alpha_shape,ok,,0.012376556042022358,0.016765628580432877,0.03509932576244434,0.006197475820326642,0.018574031862349,183,0.07332155477031801,1.479412837544812,0.40332129642041764,817,1132,0.0088339222614841,2.0286383234286633,0.991166077738516,0.030612939300528216,0.9702963759398315,0.00546448087431694,0.5925620577432705
valve_0004_lidar_classes.ply,0,spherical,ball_pivoting,ok,,0.007334001665177863,0.008267200359376184,0.014278865039289728,0.00611048778392212,0.013444489449099983,1,1.0,0.06589013278632701,0.9381829977034456,1237,2380,0.0058823529411764705,1.856084744944565,0.9941176470588236,0.015095366187597705,0.9851291152630403,1.0,0.9793574400063274
valve_0004_lidar_classes.ply,0,spherical,poisson,ok,,0.00741610324451141,0.008388120127442486,0.014526128892381506,0.006128106774572844,0.013544210019084253,1,1.0,0.045468563569126125,0.9565089136550401,2324,4439,0.05879702635728768,5.675546315170867,0.9412029736427123,0.015316157761399354,0.9849148881909169,1.0,0.9706566938721674
valve_0004_lidar_classes.ply,1,spherical,alpha_shape,ok,,0.016415547943886905,0.023017642716960017,0.05253835933111863,0.007274356145119409,0.023689904089006314,86,0.18765432098765433,1.3307756726737503,0.42904171848200623,532,810,0.003703703703703704,2.056645875248438,0.9962962962962963,0.04293832066236123,0.9588294726431267,0.011627906976744186,0.5989488485995433
valve_0004_lidar_classes.ply,1,spherical,ball_pivoting,ok,,0.007834573580166865,0.00888647019370834,0.015093773316785028,0.007275014539055366,0.015109588119222231,1,1.0,0.09794773733241986,0.9107901642291334,921,1761,0.0017035775127768314,1.8377930532892173,0.9982964224872232,0.01657728862273168,0.9836930366158476,1.0,0.973194905833051
valve_0004_lidar_classes.ply,1,spherical,poisson,ok,,0.008336910339651608,0.009577545853183095,0.01605197232000219,0.008647218483057256,0.016984128822708864,1,1.0,0.058915223310740256,0.9443626628328758,2362,4498,0.05869275233437083,4.321984798004947,0.9413072476656291,0.01786645748478094,0.9824471497676325,1.0,0.9670292650665343
valve_0004_lidar_classes.ply,2,complex,alpha_shape,ok,,0.008507347919727376,0.01117163864688072,0.023438039723210187,0.007061199573219842,0.015568547492947218,36,0.6487889273356401,0.779669480348392,0.5619020897095105,349,578,0.0,1.762242791556228,1.0,0.02642176853895184,0.9742583708288245,0.027777777777777776,0.6409845595790282
valve_0004_lidar_classes.ply,2,complex,ball_pivoting,ok,,0.0060539095656058075,0.0069753512594620225,0.012491909790452834,0.00707410859671362,0.013128018162319427,1,1.0,0.1300329780663388,0.8849299263028189,446,707,0.0,1.785975252888009,1.0,0.016497232168071533,0.9837705095046004,1.0,0.9671751089518548
valve_0004_lidar_classes.ply,2,complex,poisson,ok,,0.0062215256064846736,0.007007462604663438,0.01184479292481221,0.008476991762575473,0.014698517369060147,1,1.0,0.12364115959449339,0.8899638389544989,1351,2462,0.036555645816409424,4.86642405545221,0.9634443541835905,0.016573177922960685,0.9836970143587472,1.0,0.9592763018742091
valve_0004_lidar_classes.ply,3,plane,alpha_shape,ok,,0.008190324514578781,0.011053781358062092,0.026239286873637458,0.006185786289704194,0.014376110804282975,17,0.9003115264797508,0.47177598926544106,0.6794512257936053,509,963,0.0,1.7477213638831601,1.0,0.027551542871641688,0.9731871913747071,0.058823529411764705,0.6778654866450193
valve_0004_lidar_classes.ply,3,plane,ball_pivoting,ok,,0.006251719782599543,0.0071783991919033546,0.012113008347101217,0.00573703783313135,0.011988757615730893,1,1.0,0.10918629050331387,0.9015618102764609,608,910,0.002197802197802198,1.7569964805295817,0.9978021978021978,0.017892155333906173,0.982422346768124,1.0,0.9704465887116956
valve_0004_lidar_classes.ply,3,plane,poisson,ok,,0.006263363419579604,0.006927894162386986,0.011408717699984527,0.006303331109286125,0.012566694528865729,1,1.0,0.15170354957896257,0.8682789945082465,1611,2995,0.04307178631051753,3.86712883422857,0.9569282136894824,0.017267771710174712,0.9830253427952945,1.0,0.9520581377482559
valve_0004_lidar_classes.ply,4,complex,alpha_shape,ok,,0.003557978995803828,0.005797535674899896,0.01564907597063088,0.007446221237569978,0.011004200233373805,13,0.22535211267605634,1.7295364962930198,0.36636256791513827,50,71,0.014084507042253521,2.0581281696706673,0.9859154929577465,0.036565496530061525,0.964724374241217,0.07692307692307693,0.5984813780092947
valve_0004_lidar_classes.ply,4,complex,ball_pivoting,ok,,0.002860960441630304,0.003219505305771409,0.00524099373567468,0.014259888332868264,0.017120848774498567,1,1.0,0.3289514134314716,0.7524729571699769,55,105,0.01904761904761905,1.999040633734114,0.9809523809523809,0.020305663766136604,0.9800984504082977,1.0,0.9283809471326638
valve_0004_lidar_classes.ply,4,complex,poisson,ok,,0.002404998832436779,0.0028671229186143063,0.004738847628908813,0.008492026900918487,0.010897025733355267,6,0.987480021310602,0.12974275201311067,0.8851572609942223,2010,3754,0.037559936068193925,3.7611976686594084,0.962440063931806,0.01808316136556788,0.9822380311827251,0.16666666666666666,0.749125505693855
valve_0004_lidar_classes.ply,5,complex,alpha_shape,ok,,0.004039136708605614,0.00453679667867169,0.007359375559214417,0.01012648621627316,0.014165622924878774,1,1.0,0.6478367400809374,0.6068562350120211,93,188,0.0,2.040003685990281,1.0,0.02229837704280852,0.9781879952628794,1.0,0.8962610575687251
valve_0004_lidar_classes.ply,5,complex,ball_pivoting,ok,,0.0038434223597561294,0.004917666376149802,0.01089474647775203,0.008167301859833933,0.012010724219590062,1,1.0,0.603806866130441,0.623516472661533,97,135,0.0,1.7794698675818823,1.0,0.02417035339971105,0.9764000653607302,1.0,0.8999791345055658
valve_0004_lidar_classes.ply,5,complex,poisson,ok,,0.00353585968338283,0.004591136639794444,0.008649358432038087,0.008604164581514202,0.012140024264897032,30,0.9256226543841692,0.3115059640710386,0.7624822359906817,1624,2931,0.05527123848515865,4.515251450493278,0.9447287615148413,0.022565458207653995,0.9779325049300936,0.03333333333333333,0.6796192089422375
valve_0004_lidar_classes.ply,6,complex,alpha_shape,ok,,0.0065400762926601675,0.007400136561679123,0.012546590553102739,0.0073403221193591986,0.013880398412019365,1,1.0,0.48513415110743335,0.673339845598676,596,1211,0.007431874483897605,2.1211610434127754,0.9925681255161024,0.010887694722344186,0.9892295704268765,1.0,0.9137843853854137
valve_0004_lidar_classes.ply,6,complex,ball_pivoting,ok,,0.007963175694136664,0.010248598320370974,0.02362895910864533,0.006956962887247899,0.014920138581384563,15,0.9770642201834863,0.17478804091747913,0.8512173814937934,603,872,0.006880733944954129,2.1050318520132505,0.9931192660550459,0.015078587930654313,0.9851453984844724,0.06666666666666667,0.7240371781749946
valve_0004_lidar_classes.ply,6,complex,poisson,ok,,0.011248682542105882,0.01254012946548686,0.02225184497447551,0.05116462601741178,0.06241330855951766,14,0.9834815756035579,0.2607968290777495,0.7931492028985211,2459,4722,0.05972045743329098,7.102570375298463,0.940279542566709,0.018450078625023934,0.9818841600464769,0.07142857142857142,0.6966853692350696
valve_0004_lidar_classes.ply,7,complex,alpha_shape,ok,,0.006478105499295995,0.007213205758896939,0.01191297573943264,0.00966943557001428,0.016147541069310274,1,1.0,0.5574216825520064,0.6420868613832256,498,1030,0.009708737864077669,2.2130713486055993,0.9902912621359223,0.013042371067650611,0.9871255423858479,1.0,0.904875916476249
valve_0004_lidar_classes.ply,7,complex,ball_pivoting,ok,,0.007933814537356998,0.011424108373791807,0.03214275501928885,0.007083612354506568,0.015017426891863566,3,0.7595307917888563,0.26470864979328695,0.7906959442109036,499,682,0.007331378299120235,2.112118982903486,0.9926686217008798,0.020656205508108563,0.9797618381227347,0.3333333333333333,0.7741149343419629
valve_0004_lidar_classes.ply,7,complex,poisson,ok,,0.009408394118262017,0.013040663400823127,0.0355476142892451,0.01755774795161946,0.026966142069881474,1,1.0,0.18149848432896837,0.8463828039254316,955,1774,0.04284103720405862,4.985996612526707,0.9571589627959414,0.023579137588316215,0.9769640307012589,1.0,0.9451264493556579
valve_0004_lidar_classes.ply,8,complex,alpha_shape,ok,,0.001875836989275732,0.0021710142639763193,0.0038079136997390363,0.0077760492107567265,0.009651886200032458,1,1.0,0.6639637134750757,0.6009746437989129,42,82,0.0,1.81746926624217,1.0,0.018483985146442294,0.9818514719759834,1.0,0.895706528943724
valve_0004_lidar_classes.ply,8,complex,ball_pivoting,ok,,0.0016769543813417356,0.0019767616456617056,0.0032126381510101942,0.006212877113957695,0.00788983149529943,1,1.0,0.35817136381272907,0.7362841145411491,42,69,0.0,1.7774710382483034,1.0,0.016830121064955995,0.9834484436325222,1.0,0.9299331395434178
valve_0004_lidar_classes.ply,8,complex,poisson,ok,,0.0018259170701258713,0.002766772588212234,0.004579041284706768,0.007091683126626006,0.008917600196751878,15,0.9671168526130358,0.17095093061840827,0.8540067511384744,1811,3406,0.05637110980622431,4.383251209005883,0.9436288901937757,0.023556263205029064,0.976985863843705,0.06666666666666667,0.7103220429606554
valve_0004_lidar_classes.ply,9,spherical,alpha_shape,ok,,0.016655984231253407,0.022476109557333934,0.048167877067172765,0.006606395018360769,0.023262379249614176,251,0.07732696897374702,1.3174107220110596,0.431516084094146,1398,2095,0.0042959427207637235,2.0271295487853798,0.9957040572792363,0.030485597367449435,0.9704162800088327,0.00398406374501992,0.6004051212818088
valve_0004_lidar_classes.ply,9,spherical,ball_pivoting,ok,,0.0075677349953244466,0.008590597601874413,0.015011705915156232,0.006454066522786819,0.014021801518111266,1,1.0,0.07602797006023258,0.9293438719292986,2595,5030,0.003379721669980119,1.841707573275827,0.9966202783300199,0.011651905280514427,0.98848229789348,1.0,0.9786116120381997
valve_0004_lidar_classes.ply,9,spherical,poisson,ok,,0.00782004501048796,0.008786318801395562,0.01495806776448748,0.007990645023218468,0.01581069003370643,1,1.0,0.06042800939206319,0.943015453329353,4992,9819,0.051838272736531216,5.30371823173811,0.9481617272634688,0.01191737282816344,0.9882229783298847,1.0,0.9698500397306766
valve_0005_lidar_classes.ply,0,spherical,alpha_shape,ok,,0.013178089897226141,0.017481989366121525,0.036971871003812586,0.0066547439650949955,0.019832833862321136,176,0.09389312977099237,1.3997024974110444,0.4167183228249607,915,1310,0.0022900763358778627,1.883958408363683,0.9977099236641221,0.030742134491319902,0.9701747571360402,0.005681818181818182,0.5975712054517353
valve_0005_lidar_classes.ply,0,spherical,ball_pivoting,ok,,0.00705905793203781,0.007984553391265003,0.01374780194068768,0.0061529578524679995,0.01321201578450581,1,1.0,0.07342527672576109,0.9315972165759613,1441,2758,0.0018129079042784628,1.7094843265232758,0.9981870920957215,0.014040862802666849,0.9861535532563649,1.0,0.9789844654820119
valve_0005_lidar_classes.ply,0,spherical,poisson,ok,,0.007396016427534807,0.008568042813507327,0.014184662466603616,0.006247576795599548,0.013643593223134355,1,1.0,0.04976586057427708,0.9525933711093896,2435,4656,0.057345360824742266,7.648081676920588,0.9426546391752577,0.015066930827144526,0.9851567119668977,1.0,0.9701011805628863
valve_0005_lidar_classes.ply,1,spherical,alpha_shape,ok,,0.016261072151636097,0.021540080767452292,0.04591084575562207,0.007090871155946086,0.023351943307582182,95,0.31232876712328766,1.3918531254075899,0.41808587215387333,513,730,0.0136986301369863,2.2459698061871523,0.9863013698630136,0.038697057159389675,0.9627446165437132,0.010526315789473684,0.5944145435875186
valve_0005_lidar_classes.ply,1,spherical,ball_pivoting,ok,,0.0074764762162738,0.00846300790847022,0.014485264242799785,0.006452006428175921,0.013928482644449722,1,1.0,0.08132022993455647,0.924795423517159,1028,1955,0.0076726342710997444,1.9534113867855165,0.9923273657289002,0.015203912385941072,0.9850237846796623,1.0,0.9755366434814303
valve_0005_lidar_classes.ply,1,spherical,poisson,ok,,0.007912065402570943,0.00891936944337949,0.015161038696890488,0.008341700273452962,0.016253765676023907,1,1.0,0.06232656925221085,0.941330122905536,2327,4427,0.0621188163541902,5.732130370461134,0.9378811836458099,0.016023772283050432,0.9842289395975014,1.0,0.9658600615372117
valve_0005_lidar_classes.ply,2,complex,alpha_shape,ok,,0.00822177727793559,0.011411822115790353,0.02505788897786866,0.006990309108105233,0.015212086386040824,31,0.7293934681181959,0.7201364959554823,0.5813492140602081,372,643,0.0015552099533437014,1.7546955367444546,0.9984447900466563,0.025668028650077338,0.9749743309403335,0.03225806451612903,0.6467565998908317
valve_0005_lidar_classes.ply,2,complex,ball_pivoting,ok,,0.006019430145949108,0.007304287017346457,0.013287424358431662,0.006534709216113228,0.012554139362062336,1,1.0,0.1328833289393027,0.882703429784143,459,715,0.009790209790209791,2.009688626091977,0.9902097902097902,0.016429159736920062,0.9838363947162118,1.0,0.9641874036775362
valve_0005_lidar_classes.ply,2,complex,poisson,ok,,0.006205033627089704,0.006863127183567516,0.011396521519148217,0.00806612464554038,0.014271158272630084,1,1.0,0.12154025351739942,0.8916309484780218,1162,2109,0.039355144618302515,5.984247861255019,0.9606448553816975,0.015436881454117812,0.9847977932099412,1.0,0.9592683992674151
valve_0005_lidar_classes.ply,3,complex,alpha_shape,ok,,0.02226932773692703,0.03402993920665848,0.07594897868449767,0.005424795408425139,0.02769412314535217,55,0.05652173913043478,1.8473026582394951,0.35120959027878906,183,230,0.0,1.6098582137151038,1.0,0.0814510468705858,0.9246835563141927,0.01818181818181818,0.5735187411936999
valve_0005_lidar_classes.ply,3,complex,ball_pivoting,ok,,0.0048034253658538455,0.005449198833550238,0.00939154698460881,0.005855919706019038,0.010659345071872883,1,1.0,0.053723848025193865,0.9490152489896866,417,760,0.002631578947368421,1.625677941145974,0.9973684210526316,0.013042719438999094,0.9871252029270574,1.0,0.9833772182423439
valve_0005_lidar_classes.ply,3,complex,poisson,ok,,0.00461904742562786,0.005214635656140423,0.009132741664028828,0.007478362785453527,0.012097410211081388,1,1.0,0.04973488008194613,0.9526214846951988,1285,2352,0.05994897959183673,3.7977726589717107,0.9400510204081632,0.012481289803721282,0.987672572392779,1.0,0.9700862693740352
valve_0005_lidar_classes.ply,4,complex,alpha_shape,ok,,0.0031537376589570033,0.0045190107830831525,0.01223555135680837,0.00762752698578812,0.010781264644745124,15,0.23529411764705882,1.6548555444024537,0.3766683283798316,63,85,0.0,1.8888105729485714,1.0,0.025088765754882836,0.9755252748903094,0.06666666666666667,0.6047150674842019
valve_0005_lidar_classes.ply,4,complex,ball_pivoting,ok,,0.0028986388681913923,0.0032318313559063973,0.005650138248099245,0.01247942080042087,0.015378059668612262,1,1.0,0.2815134357849918,0.780327363003767,68,123,0.0,1.9092600379814357,1.0,0.01794256834950531,0.9823736928709077,1.0,0.9406752639686686
valve_0005_lidar_classes.ply,4,complex,poisson,ok,,0.002589877144860346,0.0028714009569921805,0.004860263207052531,0.008956881859432162,0.011546759004292508,5,0.9937958262831359,0.11862702983652196,0.8939530096516098,1899,3546,0.046813310772701636,4.510574412688519,0.9531866892272983,0.01594152115502877,0.9843086232592357,0.2,0.7578620805345361
valve_0005_lidar_classes.ply,5,complex,alpha_shape,ok,,0.002894825924690354,0.0032883989429136275,0.0055312466579554385,0.010345482929924514,0.013240308854614868,3,0.967741935483871,0.7522062653160174,0.5707090653620315,64,124,0.0,2.0302134496999944,1.0,0.017034787124707806,0.9832505364217998,0.3333333333333333,0.7218232337792911
valve_0005_lidar_classes.ply,5,complex,ball_pivoting,ok,,0.0036642767831862005,0.004694327212389456,0.008959736739745988,0.008206572111185825,0.011870848894372026,1,1.0,0.5573843016050496,0.6421022730031335,64,80,0.0,1.7500018698859996,1.0,0.02431787205415051,0.9762594476601448,1.0,0.9045904301658196
valve_0005_lidar_classes.ply,5,complex,poisson,ok,,0.0028288325689307782,0.0033499171848314926,0.006210288356090687,0.010001743610575398,0.012830576179506177,20,0.9286833855799373,0.28570919157636754,0.7777808594289752,1420,2552,0.054858934169279,3.9305370618573945,0.945141065830721,0.017353468091813515,0.9829425380302066,0.05,0.6889661158224757
valve_0005_lidar_classes.ply,6,complex,alpha_shape,ok,,0.007360656487369588,0.008442386521481559,0.01490959638078879,0.007380344076824349,0.014741000564193937,1,1.0,0.3540184396684047,0.738542379263976,754,1513,0.007270323859881031,2.0062484039847006,0.992729676140119,0.010874670781075884,0.989242315496269,1.0,0.9301285927250911
valve_0005_lidar_classes.ply,6,complex,ball_pivoting,ok,,0.008016408358313461,0.010253162898389168,0.025656006093237045,0.006260637899481986,0.014277046257795446,13,0.9556692242114238,0.17014066200753292,0.8545981115504234,763,1173,0.005967604433077579,1.8756854151183242,0.9940323955669225,0.013207138846464099,0.9869650159971234,0.07692307692307693,0.7281296500093866
valve_0005_lidar_classes.ply,6,complex,poisson,ok,,0.01258844027033549,0.014575056265678073,0.026794675414777803,0.06091438671953223,0.07350282698986772,3,0.9983388704318937,0.13769863728617107,0.8789673883985368,2489,4816,0.050664451827242524,5.242208798127241,0.9493355481727574,0.018774186434322514,0.9815717882487467,0.3333333333333333,0.7858020145383436
valve_0005_lidar_classes.ply,7,complex,alpha_shape,ok,,0.0063154444463566885,0.007247486750307725,0.011783963958186608,0.006866516588426408,0.013181961034783096,1,1.0,0.18890780379344552,0.8411081135217569,741,1478,0.0006765899864682003,1.754380482223517,0.9993234100135318,0.01340119575570916,0.9867760213705731,1.0,0.9568018862264653
valve_0005_lidar_classes.ply,7,complex,ball_pivoting,ok,,0.006321240453820568,0.007554755135921669,0.014142515582629458,0.005991140493740861,0.01231238094756143,6,0.959489872468117,0.20565987403929903,0.8294213165191601,763,1333,0.0007501875468867217,1.6662194047085521,0.9992498124531133,0.013969360131446494,0.986223094424041,0.16666666666666666,0.7453902225157453
valve_0005_lidar_classes.ply,7,complex,poisson,ok,,0.009616268799758743,0.014019151079845357,0.03649875691880891,0.006180133939777107,0.01579640273953585,1,1.0,0.16645921372538697,0.8572952986553584,1493,2873,0.03202227636616777,3.1671948515750707,0.9679777236338323,0.025922556939050913,0.9747324427524104,1.0,0.9500013662604003
valve_0005_lidar_classes.ply,8,complex,alpha_shape,ok,,0.002045691128084491,0.0023029029081818564,0.003842028034960798,0.007510438065100754,0.009556129193185246,1,1.0,0.5193357323435515,0.6581823745154178,52,106,0.009433962264150943,1.963523135083575,0.9905660377358491,0.019102741953461802,0.9812553325910548,1.0,0.9075009362105804
valve_0005_lidar_classes.ply,8,complex,ball_pivoting,ok,,0.0019319980560927805,0.0024653294361595053,0.004365665015048683,0.005987229218809794,0.007919227274902574,1,1.0,0.36049508782302436,0.7350265421392552,52,86,0.011627906976744186,1.9945504625526262,0.9883720930232558,0.020450081452374255,0.9799597434268726,1.0,0.9258395946473459
valve_0005_lidar_classes.ply,8,complex,poisson,ok,,0.0019398877196453103,0.002476590123258791,0.004681902123730055,0.0070535922925035735,0.008993480012148884,18,0.9478584729981379,0.21436668047523297,0.8234745041000778,1721,3222,0.05462445685909373,4.921024893711098,0.9453755431409063,0.02054348964562117,0.9798700497783247,0.05555555555555555,0.7010689131437161
valve_0005_lidar_classes.ply,9,spherical,alpha_shape,ok,,0.0159901179421454,0.0228256007514526,0.05101933804803969,0.0061005710989322165,0.022090689041077617,333,0.04920699471329809,1.3738428331644383,0.42125788027295613,1699,2459,0.005286701911346075,2.0088991102570373,0.9947132980886539,0.028119253503906417,0.9726498133284891,0.003003003003003003,0.5979059986732755
valve_0005_lidar_classes.ply,9,spherical,ball_pivoting,ok,,0.00689915556860198,0.007829905939961499,0.013604793489807294,0.005833575912232721,0.012732731480834703,1,1.0,0.06334261548891625,0.940430662172049,3052,5896,0.004579375848032564,1.8840408673552003,0.9954206241519674,0.009645796946812389,0.9904463555674856,1.0,0.9815744104728754
valve_0005_lidar_classes.ply,9,spherical,poisson,ok,,0.007660796785760595,0.008634172439537036,0.014845899237954397,0.012080933317730703,0.019741730103491298,1,1.0,0.04764388064095178,0.9545228282994378,7877,15538,0.0767795083022268,6.142813965892693,0.9232204916977732,0.010636586798633692,0.9894753594540575,1.0,0.9668046698628171
